﻿Year,Quarter,Month,Day,Year,Quarter,Month,Day,date_yy_mmm,month_name,year
2017,Qtr 2,June,1,2017,Qtr 2,June,1,17-Jun,June,2017
2017,Qtr 2,June,1,2017,Qtr 2,June,2,17-Jun,June,2017
2017,Qtr 2,June,1,2017,Qtr 2,June,3,17-Jun,June,2017
2017,Qtr 2,June,1,2017,Qtr 2,June,4,17-Jun,June,2017
2017,Qtr 2,June,1,2017,Qtr 2,June,5,17-Jun,June,2017
2017,Qtr 2,June,1,2017,Qtr 2,June,6,17-Jun,June,2017
2017,Qtr 2,June,1,2017,Qtr 2,June,7,17-Jun,June,2017
2017,Qtr 2,June,1,2017,Qtr 2,June,8,17-Jun,June,2017
2017,Qtr 2,June,1,2017,Qtr 2,June,9,17-Jun,June,2017
2017,Qtr 2,June,1,2017,Qtr 2,June,10,17-Jun,June,2017
2017,Qtr 2,June,1,2017,Qtr 2,June,11,17-Jun,June,2017
2017,Qtr 2,June,1,2017,Qtr 2,June,12,17-Jun,June,2017
2017,Qtr 2,June,1,2017,Qtr 2,June,13,17-Jun,June,2017
2017,Qtr 2,June,1,2017,Qtr 2,June,14,17-Jun,June,2017
2017,Qtr 2,June,1,2017,Qtr 2,June,15,17-Jun,June,2017
2017,Qtr 2,June,1,2017,Qtr 2,June,16,17-Jun,June,2017
2017,Qtr 2,June,1,2017,Qtr 2,June,17,17-Jun,June,2017
2017,Qtr 2,June,1,2017,Qtr 2,June,18,17-Jun,June,2017
2017,Qtr 2,June,1,2017,Qtr 2,June,19,17-Jun,June,2017
2017,Qtr 2,June,1,2017,Qtr 2,June,20,17-Jun,June,2017
2017,Qtr 2,June,1,2017,Qtr 2,June,21,17-Jun,June,2017
2017,Qtr 2,June,1,2017,Qtr 2,June,22,17-Jun,June,2017
2017,Qtr 2,June,1,2017,Qtr 2,June,23,17-Jun,June,2017
2017,Qtr 2,June,1,2017,Qtr 2,June,24,17-Jun,June,2017
2017,Qtr 2,June,1,2017,Qtr 2,June,25,17-Jun,June,2017
2017,Qtr 2,June,1,2017,Qtr 2,June,26,17-Jun,June,2017
2017,Qtr 2,June,1,2017,Qtr 2,June,27,17-Jun,June,2017
2017,Qtr 2,June,1,2017,Qtr 2,June,28,17-Jun,June,2017
2017,Qtr 2,June,1,2017,Qtr 2,June,29,17-Jun,June,2017
2017,Qtr 2,June,1,2017,Qtr 2,June,30,17-Jun,June,2017
2017,Qtr 3,July,1,2017,Qtr 3,July,1,17-Jul,July,2017
2017,Qtr 3,July,1,2017,Qtr 3,July,2,17-Jul,July,2017
2017,Qtr 3,July,1,2017,Qtr 3,July,3,17-Jul,July,2017
2017,Qtr 3,July,1,2017,Qtr 3,July,4,17-Jul,July,2017
2017,Qtr 3,July,1,2017,Qtr 3,July,5,17-Jul,July,2017
2017,Qtr 3,July,1,2017,Qtr 3,July,6,17-Jul,July,2017
2017,Qtr 3,July,1,2017,Qtr 3,July,7,17-Jul,July,2017
2017,Qtr 3,July,1,2017,Qtr 3,July,8,17-Jul,July,2017
2017,Qtr 3,July,1,2017,Qtr 3,July,9,17-Jul,July,2017
2017,Qtr 3,July,1,2017,Qtr 3,July,10,17-Jul,July,2017
2017,Qtr 3,July,1,2017,Qtr 3,July,11,17-Jul,July,2017
2017,Qtr 3,July,1,2017,Qtr 3,July,12,17-Jul,July,2017
2017,Qtr 3,July,1,2017,Qtr 3,July,13,17-Jul,July,2017
2017,Qtr 3,July,1,2017,Qtr 3,July,14,17-Jul,July,2017
2017,Qtr 3,July,1,2017,Qtr 3,July,15,17-Jul,July,2017
2017,Qtr 3,July,1,2017,Qtr 3,July,16,17-Jul,July,2017
2017,Qtr 3,July,1,2017,Qtr 3,July,17,17-Jul,July,2017
2017,Qtr 3,July,1,2017,Qtr 3,July,18,17-Jul,July,2017
2017,Qtr 3,July,1,2017,Qtr 3,July,19,17-Jul,July,2017
2017,Qtr 3,July,1,2017,Qtr 3,July,20,17-Jul,July,2017
2017,Qtr 3,July,1,2017,Qtr 3,July,21,17-Jul,July,2017
2017,Qtr 3,July,1,2017,Qtr 3,July,22,17-Jul,July,2017
2017,Qtr 3,July,1,2017,Qtr 3,July,23,17-Jul,July,2017
2017,Qtr 3,July,1,2017,Qtr 3,July,24,17-Jul,July,2017
2017,Qtr 3,July,1,2017,Qtr 3,July,25,17-Jul,July,2017
2017,Qtr 3,July,1,2017,Qtr 3,July,26,17-Jul,July,2017
2017,Qtr 3,July,1,2017,Qtr 3,July,27,17-Jul,July,2017
2017,Qtr 3,July,1,2017,Qtr 3,July,28,17-Jul,July,2017
2017,Qtr 3,July,1,2017,Qtr 3,July,29,17-Jul,July,2017
2017,Qtr 3,July,1,2017,Qtr 3,July,30,17-Jul,July,2017
2017,Qtr 3,July,1,2017,Qtr 3,July,31,17-Jul,July,2017
2017,Qtr 3,August,1,2017,Qtr 3,August,1,17-Aug,August,2017
2017,Qtr 3,August,1,2017,Qtr 3,August,2,17-Aug,August,2017
2017,Qtr 3,August,1,2017,Qtr 3,August,3,17-Aug,August,2017
2017,Qtr 3,August,1,2017,Qtr 3,August,4,17-Aug,August,2017
2017,Qtr 3,August,1,2017,Qtr 3,August,5,17-Aug,August,2017
2017,Qtr 3,August,1,2017,Qtr 3,August,6,17-Aug,August,2017
2017,Qtr 3,August,1,2017,Qtr 3,August,7,17-Aug,August,2017
2017,Qtr 3,August,1,2017,Qtr 3,August,8,17-Aug,August,2017
2017,Qtr 3,August,1,2017,Qtr 3,August,9,17-Aug,August,2017
2017,Qtr 3,August,1,2017,Qtr 3,August,10,17-Aug,August,2017
2017,Qtr 3,August,1,2017,Qtr 3,August,11,17-Aug,August,2017
2017,Qtr 3,August,1,2017,Qtr 3,August,12,17-Aug,August,2017
2017,Qtr 3,August,1,2017,Qtr 3,August,13,17-Aug,August,2017
2017,Qtr 3,August,1,2017,Qtr 3,August,14,17-Aug,August,2017
2017,Qtr 3,August,1,2017,Qtr 3,August,15,17-Aug,August,2017
2017,Qtr 3,August,1,2017,Qtr 3,August,16,17-Aug,August,2017
2017,Qtr 3,August,1,2017,Qtr 3,August,17,17-Aug,August,2017
2017,Qtr 3,August,1,2017,Qtr 3,August,18,17-Aug,August,2017
2017,Qtr 3,August,1,2017,Qtr 3,August,19,17-Aug,August,2017
2017,Qtr 3,August,1,2017,Qtr 3,August,20,17-Aug,August,2017
2017,Qtr 3,August,1,2017,Qtr 3,August,21,17-Aug,August,2017
2017,Qtr 3,August,1,2017,Qtr 3,August,22,17-Aug,August,2017
2017,Qtr 3,August,1,2017,Qtr 3,August,23,17-Aug,August,2017
2017,Qtr 3,August,1,2017,Qtr 3,August,24,17-Aug,August,2017
2017,Qtr 3,August,1,2017,Qtr 3,August,25,17-Aug,August,2017
2017,Qtr 3,August,1,2017,Qtr 3,August,26,17-Aug,August,2017
2017,Qtr 3,August,1,2017,Qtr 3,August,27,17-Aug,August,2017
2017,Qtr 3,August,1,2017,Qtr 3,August,28,17-Aug,August,2017
2017,Qtr 3,August,1,2017,Qtr 3,August,29,17-Aug,August,2017
2017,Qtr 3,August,1,2017,Qtr 3,August,30,17-Aug,August,2017
2017,Qtr 3,August,1,2017,Qtr 3,August,31,17-Aug,August,2017
2017,Qtr 3,September,1,2017,Qtr 3,September,1,17-Sep,September,2017
2017,Qtr 3,September,1,2017,Qtr 3,September,2,17-Sep,September,2017
2017,Qtr 3,September,1,2017,Qtr 3,September,3,17-Sep,September,2017
2017,Qtr 3,September,1,2017,Qtr 3,September,4,17-Sep,September,2017
2017,Qtr 3,September,1,2017,Qtr 3,September,5,17-Sep,September,2017
2017,Qtr 3,September,1,2017,Qtr 3,September,6,17-Sep,September,2017
2017,Qtr 3,September,1,2017,Qtr 3,September,7,17-Sep,September,2017
2017,Qtr 3,September,1,2017,Qtr 3,September,8,17-Sep,September,2017
2017,Qtr 3,September,1,2017,Qtr 3,September,9,17-Sep,September,2017
2017,Qtr 3,September,1,2017,Qtr 3,September,10,17-Sep,September,2017
2017,Qtr 3,September,1,2017,Qtr 3,September,11,17-Sep,September,2017
2017,Qtr 3,September,1,2017,Qtr 3,September,12,17-Sep,September,2017
2017,Qtr 3,September,1,2017,Qtr 3,September,13,17-Sep,September,2017
2017,Qtr 3,September,1,2017,Qtr 3,September,14,17-Sep,September,2017
2017,Qtr 3,September,1,2017,Qtr 3,September,15,17-Sep,September,2017
2017,Qtr 3,September,1,2017,Qtr 3,September,16,17-Sep,September,2017
2017,Qtr 3,September,1,2017,Qtr 3,September,17,17-Sep,September,2017
2017,Qtr 3,September,1,2017,Qtr 3,September,18,17-Sep,September,2017
2017,Qtr 3,September,1,2017,Qtr 3,September,19,17-Sep,September,2017
2017,Qtr 3,September,1,2017,Qtr 3,September,20,17-Sep,September,2017
2017,Qtr 3,September,1,2017,Qtr 3,September,21,17-Sep,September,2017
2017,Qtr 3,September,1,2017,Qtr 3,September,22,17-Sep,September,2017
2017,Qtr 3,September,1,2017,Qtr 3,September,23,17-Sep,September,2017
2017,Qtr 3,September,1,2017,Qtr 3,September,24,17-Sep,September,2017
2017,Qtr 3,September,1,2017,Qtr 3,September,25,17-Sep,September,2017
2017,Qtr 3,September,1,2017,Qtr 3,September,26,17-Sep,September,2017
2017,Qtr 3,September,1,2017,Qtr 3,September,27,17-Sep,September,2017
2017,Qtr 3,September,1,2017,Qtr 3,September,28,17-Sep,September,2017
2017,Qtr 3,September,1,2017,Qtr 3,September,29,17-Sep,September,2017
2017,Qtr 3,September,1,2017,Qtr 3,September,30,17-Sep,September,2017
2017,Qtr 4,October,1,2017,Qtr 4,October,1,17-Oct,October,2017
2017,Qtr 4,October,1,2017,Qtr 4,October,2,17-Oct,October,2017
2017,Qtr 4,October,1,2017,Qtr 4,October,3,17-Oct,October,2017
2017,Qtr 4,October,1,2017,Qtr 4,October,4,17-Oct,October,2017
2017,Qtr 4,October,1,2017,Qtr 4,October,5,17-Oct,October,2017
2017,Qtr 4,October,1,2017,Qtr 4,October,6,17-Oct,October,2017
2017,Qtr 4,October,1,2017,Qtr 4,October,7,17-Oct,October,2017
2017,Qtr 4,October,1,2017,Qtr 4,October,8,17-Oct,October,2017
2017,Qtr 4,October,1,2017,Qtr 4,October,9,17-Oct,October,2017
2017,Qtr 4,October,1,2017,Qtr 4,October,10,17-Oct,October,2017
2017,Qtr 4,October,1,2017,Qtr 4,October,11,17-Oct,October,2017
2017,Qtr 4,October,1,2017,Qtr 4,October,12,17-Oct,October,2017
2017,Qtr 4,October,1,2017,Qtr 4,October,13,17-Oct,October,2017
2017,Qtr 4,October,1,2017,Qtr 4,October,14,17-Oct,October,2017
2017,Qtr 4,October,1,2017,Qtr 4,October,15,17-Oct,October,2017
2017,Qtr 4,October,1,2017,Qtr 4,October,16,17-Oct,October,2017
2017,Qtr 4,October,1,2017,Qtr 4,October,17,17-Oct,October,2017
2017,Qtr 4,October,1,2017,Qtr 4,October,18,17-Oct,October,2017
2017,Qtr 4,October,1,2017,Qtr 4,October,19,17-Oct,October,2017
2017,Qtr 4,October,1,2017,Qtr 4,October,20,17-Oct,October,2017
2017,Qtr 4,October,1,2017,Qtr 4,October,21,17-Oct,October,2017
2017,Qtr 4,October,1,2017,Qtr 4,October,22,17-Oct,October,2017
2017,Qtr 4,October,1,2017,Qtr 4,October,23,17-Oct,October,2017
2017,Qtr 4,October,1,2017,Qtr 4,October,24,17-Oct,October,2017
2017,Qtr 4,October,1,2017,Qtr 4,October,25,17-Oct,October,2017
2017,Qtr 4,October,1,2017,Qtr 4,October,26,17-Oct,October,2017
2017,Qtr 4,October,1,2017,Qtr 4,October,27,17-Oct,October,2017
2017,Qtr 4,October,1,2017,Qtr 4,October,28,17-Oct,October,2017
2017,Qtr 4,October,1,2017,Qtr 4,October,29,17-Oct,October,2017
2017,Qtr 4,October,1,2017,Qtr 4,October,30,17-Oct,October,2017
2017,Qtr 4,October,1,2017,Qtr 4,October,31,17-Oct,October,2017
2017,Qtr 4,November,1,2017,Qtr 4,November,1,17-Nov,November,2017
2017,Qtr 4,November,1,2017,Qtr 4,November,2,17-Nov,November,2017
2017,Qtr 4,November,1,2017,Qtr 4,November,3,17-Nov,November,2017
2017,Qtr 4,November,1,2017,Qtr 4,November,4,17-Nov,November,2017
2017,Qtr 4,November,1,2017,Qtr 4,November,5,17-Nov,November,2017
2017,Qtr 4,November,1,2017,Qtr 4,November,6,17-Nov,November,2017
2017,Qtr 4,November,1,2017,Qtr 4,November,7,17-Nov,November,2017
2017,Qtr 4,November,1,2017,Qtr 4,November,8,17-Nov,November,2017
2017,Qtr 4,November,1,2017,Qtr 4,November,9,17-Nov,November,2017
2017,Qtr 4,November,1,2017,Qtr 4,November,10,17-Nov,November,2017
2017,Qtr 4,November,1,2017,Qtr 4,November,11,17-Nov,November,2017
2017,Qtr 4,November,1,2017,Qtr 4,November,12,17-Nov,November,2017
2017,Qtr 4,November,1,2017,Qtr 4,November,13,17-Nov,November,2017
2017,Qtr 4,November,1,2017,Qtr 4,November,14,17-Nov,November,2017
2017,Qtr 4,November,1,2017,Qtr 4,November,15,17-Nov,November,2017
2017,Qtr 4,November,1,2017,Qtr 4,November,16,17-Nov,November,2017
2017,Qtr 4,November,1,2017,Qtr 4,November,17,17-Nov,November,2017
2017,Qtr 4,November,1,2017,Qtr 4,November,18,17-Nov,November,2017
2017,Qtr 4,November,1,2017,Qtr 4,November,19,17-Nov,November,2017
2017,Qtr 4,November,1,2017,Qtr 4,November,20,17-Nov,November,2017
2017,Qtr 4,November,1,2017,Qtr 4,November,21,17-Nov,November,2017
2017,Qtr 4,November,1,2017,Qtr 4,November,22,17-Nov,November,2017
2017,Qtr 4,November,1,2017,Qtr 4,November,23,17-Nov,November,2017
2017,Qtr 4,November,1,2017,Qtr 4,November,24,17-Nov,November,2017
2017,Qtr 4,November,1,2017,Qtr 4,November,25,17-Nov,November,2017
2017,Qtr 4,November,1,2017,Qtr 4,November,26,17-Nov,November,2017
2017,Qtr 4,November,1,2017,Qtr 4,November,27,17-Nov,November,2017
2017,Qtr 4,November,1,2017,Qtr 4,November,28,17-Nov,November,2017
2017,Qtr 4,November,1,2017,Qtr 4,November,29,17-Nov,November,2017
2017,Qtr 4,November,1,2017,Qtr 4,November,30,17-Nov,November,2017
2017,Qtr 4,December,1,2017,Qtr 4,December,1,17-Dec,December,2017
2017,Qtr 4,December,1,2017,Qtr 4,December,2,17-Dec,December,2017
2017,Qtr 4,December,1,2017,Qtr 4,December,3,17-Dec,December,2017
2017,Qtr 4,December,1,2017,Qtr 4,December,4,17-Dec,December,2017
2017,Qtr 4,December,1,2017,Qtr 4,December,5,17-Dec,December,2017
2017,Qtr 4,December,1,2017,Qtr 4,December,6,17-Dec,December,2017
2017,Qtr 4,December,1,2017,Qtr 4,December,7,17-Dec,December,2017
2017,Qtr 4,December,1,2017,Qtr 4,December,8,17-Dec,December,2017
2017,Qtr 4,December,1,2017,Qtr 4,December,9,17-Dec,December,2017
2017,Qtr 4,December,1,2017,Qtr 4,December,10,17-Dec,December,2017
2017,Qtr 4,December,1,2017,Qtr 4,December,11,17-Dec,December,2017
2017,Qtr 4,December,1,2017,Qtr 4,December,12,17-Dec,December,2017
2017,Qtr 4,December,1,2017,Qtr 4,December,13,17-Dec,December,2017
2017,Qtr 4,December,1,2017,Qtr 4,December,14,17-Dec,December,2017
2017,Qtr 4,December,1,2017,Qtr 4,December,15,17-Dec,December,2017
2017,Qtr 4,December,1,2017,Qtr 4,December,16,17-Dec,December,2017
2017,Qtr 4,December,1,2017,Qtr 4,December,17,17-Dec,December,2017
2017,Qtr 4,December,1,2017,Qtr 4,December,18,17-Dec,December,2017
2017,Qtr 4,December,1,2017,Qtr 4,December,19,17-Dec,December,2017
2017,Qtr 4,December,1,2017,Qtr 4,December,20,17-Dec,December,2017
2017,Qtr 4,December,1,2017,Qtr 4,December,21,17-Dec,December,2017
2017,Qtr 4,December,1,2017,Qtr 4,December,22,17-Dec,December,2017
2017,Qtr 4,December,1,2017,Qtr 4,December,23,17-Dec,December,2017
2017,Qtr 4,December,1,2017,Qtr 4,December,24,17-Dec,December,2017
2017,Qtr 4,December,1,2017,Qtr 4,December,25,17-Dec,December,2017
2017,Qtr 4,December,1,2017,Qtr 4,December,26,17-Dec,December,2017
2017,Qtr 4,December,1,2017,Qtr 4,December,27,17-Dec,December,2017
2017,Qtr 4,December,1,2017,Qtr 4,December,28,17-Dec,December,2017
2017,Qtr 4,December,1,2017,Qtr 4,December,29,17-Dec,December,2017
2017,Qtr 4,December,1,2017,Qtr 4,December,30,17-Dec,December,2017
2017,Qtr 4,December,1,2017,Qtr 4,December,31,17-Dec,December,2017
2018,Qtr 1,January,1,2018,Qtr 1,January,1,18-Jan,January,2018
2018,Qtr 1,January,1,2018,Qtr 1,January,2,18-Jan,January,2018
2018,Qtr 1,January,1,2018,Qtr 1,January,3,18-Jan,January,2018
2018,Qtr 1,January,1,2018,Qtr 1,January,4,18-Jan,January,2018
2018,Qtr 1,January,1,2018,Qtr 1,January,5,18-Jan,January,2018
2018,Qtr 1,January,1,2018,Qtr 1,January,6,18-Jan,January,2018
2018,Qtr 1,January,1,2018,Qtr 1,January,7,18-Jan,January,2018
2018,Qtr 1,January,1,2018,Qtr 1,January,8,18-Jan,January,2018
2018,Qtr 1,January,1,2018,Qtr 1,January,9,18-Jan,January,2018
2018,Qtr 1,January,1,2018,Qtr 1,January,10,18-Jan,January,2018
2018,Qtr 1,January,1,2018,Qtr 1,January,11,18-Jan,January,2018
2018,Qtr 1,January,1,2018,Qtr 1,January,12,18-Jan,January,2018
2018,Qtr 1,January,1,2018,Qtr 1,January,13,18-Jan,January,2018
2018,Qtr 1,January,1,2018,Qtr 1,January,14,18-Jan,January,2018
2018,Qtr 1,January,1,2018,Qtr 1,January,15,18-Jan,January,2018
2018,Qtr 1,January,1,2018,Qtr 1,January,16,18-Jan,January,2018
2018,Qtr 1,January,1,2018,Qtr 1,January,17,18-Jan,January,2018
2018,Qtr 1,January,1,2018,Qtr 1,January,18,18-Jan,January,2018
2018,Qtr 1,January,1,2018,Qtr 1,January,19,18-Jan,January,2018
2018,Qtr 1,January,1,2018,Qtr 1,January,20,18-Jan,January,2018
2018,Qtr 1,January,1,2018,Qtr 1,January,21,18-Jan,January,2018
2018,Qtr 1,January,1,2018,Qtr 1,January,22,18-Jan,January,2018
2018,Qtr 1,January,1,2018,Qtr 1,January,23,18-Jan,January,2018
2018,Qtr 1,January,1,2018,Qtr 1,January,24,18-Jan,January,2018
2018,Qtr 1,January,1,2018,Qtr 1,January,25,18-Jan,January,2018
2018,Qtr 1,January,1,2018,Qtr 1,January,26,18-Jan,January,2018
2018,Qtr 1,January,1,2018,Qtr 1,January,27,18-Jan,January,2018
2018,Qtr 1,January,1,2018,Qtr 1,January,28,18-Jan,January,2018
2018,Qtr 1,January,1,2018,Qtr 1,January,29,18-Jan,January,2018
2018,Qtr 1,January,1,2018,Qtr 1,January,30,18-Jan,January,2018
2018,Qtr 1,January,1,2018,Qtr 1,January,31,18-Jan,January,2018
2018,Qtr 1,February,1,2018,Qtr 1,February,1,18-Feb,February,2018
2018,Qtr 1,February,1,2018,Qtr 1,February,2,18-Feb,February,2018
2018,Qtr 1,February,1,2018,Qtr 1,February,3,18-Feb,February,2018
2018,Qtr 1,February,1,2018,Qtr 1,February,4,18-Feb,February,2018
2018,Qtr 1,February,1,2018,Qtr 1,February,5,18-Feb,February,2018
2018,Qtr 1,February,1,2018,Qtr 1,February,6,18-Feb,February,2018
2018,Qtr 1,February,1,2018,Qtr 1,February,7,18-Feb,February,2018
2018,Qtr 1,February,1,2018,Qtr 1,February,8,18-Feb,February,2018
2018,Qtr 1,February,1,2018,Qtr 1,February,9,18-Feb,February,2018
2018,Qtr 1,February,1,2018,Qtr 1,February,10,18-Feb,February,2018
2018,Qtr 1,February,1,2018,Qtr 1,February,11,18-Feb,February,2018
2018,Qtr 1,February,1,2018,Qtr 1,February,12,18-Feb,February,2018
2018,Qtr 1,February,1,2018,Qtr 1,February,13,18-Feb,February,2018
2018,Qtr 1,February,1,2018,Qtr 1,February,14,18-Feb,February,2018
2018,Qtr 1,February,1,2018,Qtr 1,February,15,18-Feb,February,2018
2018,Qtr 1,February,1,2018,Qtr 1,February,16,18-Feb,February,2018
2018,Qtr 1,February,1,2018,Qtr 1,February,17,18-Feb,February,2018
2018,Qtr 1,February,1,2018,Qtr 1,February,18,18-Feb,February,2018
2018,Qtr 1,February,1,2018,Qtr 1,February,19,18-Feb,February,2018
2018,Qtr 1,February,1,2018,Qtr 1,February,20,18-Feb,February,2018
2018,Qtr 1,February,1,2018,Qtr 1,February,21,18-Feb,February,2018
2018,Qtr 1,February,1,2018,Qtr 1,February,22,18-Feb,February,2018
2018,Qtr 1,February,1,2018,Qtr 1,February,23,18-Feb,February,2018
2018,Qtr 1,February,1,2018,Qtr 1,February,24,18-Feb,February,2018
2018,Qtr 1,February,1,2018,Qtr 1,February,25,18-Feb,February,2018
2018,Qtr 1,February,1,2018,Qtr 1,February,26,18-Feb,February,2018
2018,Qtr 1,February,1,2018,Qtr 1,February,27,18-Feb,February,2018
2018,Qtr 1,February,1,2018,Qtr 1,February,28,18-Feb,February,2018
2018,Qtr 1,March,1,2018,Qtr 1,March,1,18-Mar,March,2018
2018,Qtr 1,March,1,2018,Qtr 1,March,2,18-Mar,March,2018
2018,Qtr 1,March,1,2018,Qtr 1,March,3,18-Mar,March,2018
2018,Qtr 1,March,1,2018,Qtr 1,March,4,18-Mar,March,2018
2018,Qtr 1,March,1,2018,Qtr 1,March,5,18-Mar,March,2018
2018,Qtr 1,March,1,2018,Qtr 1,March,6,18-Mar,March,2018
2018,Qtr 1,March,1,2018,Qtr 1,March,7,18-Mar,March,2018
2018,Qtr 1,March,1,2018,Qtr 1,March,8,18-Mar,March,2018
2018,Qtr 1,March,1,2018,Qtr 1,March,9,18-Mar,March,2018
2018,Qtr 1,March,1,2018,Qtr 1,March,10,18-Mar,March,2018
2018,Qtr 1,March,1,2018,Qtr 1,March,11,18-Mar,March,2018
2018,Qtr 1,March,1,2018,Qtr 1,March,12,18-Mar,March,2018
2018,Qtr 1,March,1,2018,Qtr 1,March,13,18-Mar,March,2018
2018,Qtr 1,March,1,2018,Qtr 1,March,14,18-Mar,March,2018
2018,Qtr 1,March,1,2018,Qtr 1,March,15,18-Mar,March,2018
2018,Qtr 1,March,1,2018,Qtr 1,March,16,18-Mar,March,2018
2018,Qtr 1,March,1,2018,Qtr 1,March,17,18-Mar,March,2018
2018,Qtr 1,March,1,2018,Qtr 1,March,18,18-Mar,March,2018
2018,Qtr 1,March,1,2018,Qtr 1,March,19,18-Mar,March,2018
2018,Qtr 1,March,1,2018,Qtr 1,March,20,18-Mar,March,2018
2018,Qtr 1,March,1,2018,Qtr 1,March,21,18-Mar,March,2018
2018,Qtr 1,March,1,2018,Qtr 1,March,22,18-Mar,March,2018
2018,Qtr 1,March,1,2018,Qtr 1,March,23,18-Mar,March,2018
2018,Qtr 1,March,1,2018,Qtr 1,March,24,18-Mar,March,2018
2018,Qtr 1,March,1,2018,Qtr 1,March,25,18-Mar,March,2018
2018,Qtr 1,March,1,2018,Qtr 1,March,26,18-Mar,March,2018
2018,Qtr 1,March,1,2018,Qtr 1,March,27,18-Mar,March,2018
2018,Qtr 1,March,1,2018,Qtr 1,March,28,18-Mar,March,2018
2018,Qtr 1,March,1,2018,Qtr 1,March,29,18-Mar,March,2018
2018,Qtr 1,March,1,2018,Qtr 1,March,30,18-Mar,March,2018
2018,Qtr 1,March,1,2018,Qtr 1,March,31,18-Mar,March,2018
2018,Qtr 2,April,1,2018,Qtr 2,April,1,18-Apr,April,2018
2018,Qtr 2,April,1,2018,Qtr 2,April,2,18-Apr,April,2018
2018,Qtr 2,April,1,2018,Qtr 2,April,3,18-Apr,April,2018
2018,Qtr 2,April,1,2018,Qtr 2,April,4,18-Apr,April,2018
2018,Qtr 2,April,1,2018,Qtr 2,April,5,18-Apr,April,2018
2018,Qtr 2,April,1,2018,Qtr 2,April,6,18-Apr,April,2018
2018,Qtr 2,April,1,2018,Qtr 2,April,7,18-Apr,April,2018
2018,Qtr 2,April,1,2018,Qtr 2,April,8,18-Apr,April,2018
2018,Qtr 2,April,1,2018,Qtr 2,April,9,18-Apr,April,2018
2018,Qtr 2,April,1,2018,Qtr 2,April,10,18-Apr,April,2018
2018,Qtr 2,April,1,2018,Qtr 2,April,11,18-Apr,April,2018
2018,Qtr 2,April,1,2018,Qtr 2,April,12,18-Apr,April,2018
2018,Qtr 2,April,1,2018,Qtr 2,April,13,18-Apr,April,2018
2018,Qtr 2,April,1,2018,Qtr 2,April,14,18-Apr,April,2018
2018,Qtr 2,April,1,2018,Qtr 2,April,15,18-Apr,April,2018
2018,Qtr 2,April,1,2018,Qtr 2,April,16,18-Apr,April,2018
2018,Qtr 2,April,1,2018,Qtr 2,April,17,18-Apr,April,2018
2018,Qtr 2,April,1,2018,Qtr 2,April,18,18-Apr,April,2018
2018,Qtr 2,April,1,2018,Qtr 2,April,19,18-Apr,April,2018
2018,Qtr 2,April,1,2018,Qtr 2,April,20,18-Apr,April,2018
2018,Qtr 2,April,1,2018,Qtr 2,April,21,18-Apr,April,2018
2018,Qtr 2,April,1,2018,Qtr 2,April,22,18-Apr,April,2018
2018,Qtr 2,April,1,2018,Qtr 2,April,23,18-Apr,April,2018
2018,Qtr 2,April,1,2018,Qtr 2,April,24,18-Apr,April,2018
2018,Qtr 2,April,1,2018,Qtr 2,April,25,18-Apr,April,2018
2018,Qtr 2,April,1,2018,Qtr 2,April,26,18-Apr,April,2018
2018,Qtr 2,April,1,2018,Qtr 2,April,27,18-Apr,April,2018
2018,Qtr 2,April,1,2018,Qtr 2,April,28,18-Apr,April,2018
2018,Qtr 2,April,1,2018,Qtr 2,April,29,18-Apr,April,2018
2018,Qtr 2,April,1,2018,Qtr 2,April,30,18-Apr,April,2018
2018,Qtr 2,May,1,2018,Qtr 2,May,1,18-May,May,2018
2018,Qtr 2,May,1,2018,Qtr 2,May,2,18-May,May,2018
2018,Qtr 2,May,1,2018,Qtr 2,May,3,18-May,May,2018
2018,Qtr 2,May,1,2018,Qtr 2,May,4,18-May,May,2018
2018,Qtr 2,May,1,2018,Qtr 2,May,5,18-May,May,2018
2018,Qtr 2,May,1,2018,Qtr 2,May,6,18-May,May,2018
2018,Qtr 2,May,1,2018,Qtr 2,May,7,18-May,May,2018
2018,Qtr 2,May,1,2018,Qtr 2,May,8,18-May,May,2018
2018,Qtr 2,May,1,2018,Qtr 2,May,9,18-May,May,2018
2018,Qtr 2,May,1,2018,Qtr 2,May,10,18-May,May,2018
2018,Qtr 2,May,1,2018,Qtr 2,May,11,18-May,May,2018
2018,Qtr 2,May,1,2018,Qtr 2,May,12,18-May,May,2018
2018,Qtr 2,May,1,2018,Qtr 2,May,13,18-May,May,2018
2018,Qtr 2,May,1,2018,Qtr 2,May,14,18-May,May,2018
2018,Qtr 2,May,1,2018,Qtr 2,May,15,18-May,May,2018
2018,Qtr 2,May,1,2018,Qtr 2,May,16,18-May,May,2018
2018,Qtr 2,May,1,2018,Qtr 2,May,17,18-May,May,2018
2018,Qtr 2,May,1,2018,Qtr 2,May,18,18-May,May,2018
2018,Qtr 2,May,1,2018,Qtr 2,May,19,18-May,May,2018
2018,Qtr 2,May,1,2018,Qtr 2,May,20,18-May,May,2018
2018,Qtr 2,May,1,2018,Qtr 2,May,21,18-May,May,2018
2018,Qtr 2,May,1,2018,Qtr 2,May,22,18-May,May,2018
2018,Qtr 2,May,1,2018,Qtr 2,May,23,18-May,May,2018
2018,Qtr 2,May,1,2018,Qtr 2,May,24,18-May,May,2018
2018,Qtr 2,May,1,2018,Qtr 2,May,25,18-May,May,2018
2018,Qtr 2,May,1,2018,Qtr 2,May,26,18-May,May,2018
2018,Qtr 2,May,1,2018,Qtr 2,May,27,18-May,May,2018
2018,Qtr 2,May,1,2018,Qtr 2,May,28,18-May,May,2018
2018,Qtr 2,May,1,2018,Qtr 2,May,29,18-May,May,2018
2018,Qtr 2,May,1,2018,Qtr 2,May,30,18-May,May,2018
2018,Qtr 2,May,1,2018,Qtr 2,May,31,18-May,May,2018
2018,Qtr 2,June,1,2018,Qtr 2,June,1,18-Jun,June,2018
2018,Qtr 2,June,1,2018,Qtr 2,June,2,18-Jun,June,2018
2018,Qtr 2,June,1,2018,Qtr 2,June,3,18-Jun,June,2018
2018,Qtr 2,June,1,2018,Qtr 2,June,4,18-Jun,June,2018
2018,Qtr 2,June,1,2018,Qtr 2,June,5,18-Jun,June,2018
2018,Qtr 2,June,1,2018,Qtr 2,June,6,18-Jun,June,2018
2018,Qtr 2,June,1,2018,Qtr 2,June,7,18-Jun,June,2018
2018,Qtr 2,June,1,2018,Qtr 2,June,8,18-Jun,June,2018
2018,Qtr 2,June,1,2018,Qtr 2,June,9,18-Jun,June,2018
2018,Qtr 2,June,1,2018,Qtr 2,June,10,18-Jun,June,2018
2018,Qtr 2,June,1,2018,Qtr 2,June,11,18-Jun,June,2018
2018,Qtr 2,June,1,2018,Qtr 2,June,12,18-Jun,June,2018
2018,Qtr 2,June,1,2018,Qtr 2,June,13,18-Jun,June,2018
2018,Qtr 2,June,1,2018,Qtr 2,June,14,18-Jun,June,2018
2018,Qtr 2,June,1,2018,Qtr 2,June,15,18-Jun,June,2018
2018,Qtr 2,June,1,2018,Qtr 2,June,16,18-Jun,June,2018
2018,Qtr 2,June,1,2018,Qtr 2,June,17,18-Jun,June,2018
2018,Qtr 2,June,1,2018,Qtr 2,June,18,18-Jun,June,2018
2018,Qtr 2,June,1,2018,Qtr 2,June,19,18-Jun,June,2018
2018,Qtr 2,June,1,2018,Qtr 2,June,20,18-Jun,June,2018
2018,Qtr 2,June,1,2018,Qtr 2,June,21,18-Jun,June,2018
2018,Qtr 2,June,1,2018,Qtr 2,June,22,18-Jun,June,2018
2018,Qtr 2,June,1,2018,Qtr 2,June,23,18-Jun,June,2018
2018,Qtr 2,June,1,2018,Qtr 2,June,24,18-Jun,June,2018
2018,Qtr 2,June,1,2018,Qtr 2,June,25,18-Jun,June,2018
2018,Qtr 2,June,1,2018,Qtr 2,June,26,18-Jun,June,2018
2018,Qtr 2,June,1,2018,Qtr 2,June,27,18-Jun,June,2018
2018,Qtr 2,June,1,2018,Qtr 2,June,28,18-Jun,June,2018
2018,Qtr 2,June,1,2018,Qtr 2,June,29,18-Jun,June,2018
2018,Qtr 2,June,1,2018,Qtr 2,June,30,18-Jun,June,2018
2018,Qtr 3,July,1,2018,Qtr 3,July,1,18-Jul,July,2018
2018,Qtr 3,July,1,2018,Qtr 3,July,2,18-Jul,July,2018
2018,Qtr 3,July,1,2018,Qtr 3,July,3,18-Jul,July,2018
2018,Qtr 3,July,1,2018,Qtr 3,July,4,18-Jul,July,2018
2018,Qtr 3,July,1,2018,Qtr 3,July,5,18-Jul,July,2018
2018,Qtr 3,July,1,2018,Qtr 3,July,6,18-Jul,July,2018
2018,Qtr 3,July,1,2018,Qtr 3,July,7,18-Jul,July,2018
2018,Qtr 3,July,1,2018,Qtr 3,July,8,18-Jul,July,2018
2018,Qtr 3,July,1,2018,Qtr 3,July,9,18-Jul,July,2018
2018,Qtr 3,July,1,2018,Qtr 3,July,10,18-Jul,July,2018
2018,Qtr 3,July,1,2018,Qtr 3,July,11,18-Jul,July,2018
2018,Qtr 3,July,1,2018,Qtr 3,July,12,18-Jul,July,2018
2018,Qtr 3,July,1,2018,Qtr 3,July,13,18-Jul,July,2018
2018,Qtr 3,July,1,2018,Qtr 3,July,14,18-Jul,July,2018
2018,Qtr 3,July,1,2018,Qtr 3,July,15,18-Jul,July,2018
2018,Qtr 3,July,1,2018,Qtr 3,July,16,18-Jul,July,2018
2018,Qtr 3,July,1,2018,Qtr 3,July,17,18-Jul,July,2018
2018,Qtr 3,July,1,2018,Qtr 3,July,18,18-Jul,July,2018
2018,Qtr 3,July,1,2018,Qtr 3,July,19,18-Jul,July,2018
2018,Qtr 3,July,1,2018,Qtr 3,July,20,18-Jul,July,2018
2018,Qtr 3,July,1,2018,Qtr 3,July,21,18-Jul,July,2018
2018,Qtr 3,July,1,2018,Qtr 3,July,22,18-Jul,July,2018
2018,Qtr 3,July,1,2018,Qtr 3,July,23,18-Jul,July,2018
2018,Qtr 3,July,1,2018,Qtr 3,July,24,18-Jul,July,2018
2018,Qtr 3,July,1,2018,Qtr 3,July,25,18-Jul,July,2018
2018,Qtr 3,July,1,2018,Qtr 3,July,26,18-Jul,July,2018
2018,Qtr 3,July,1,2018,Qtr 3,July,27,18-Jul,July,2018
2018,Qtr 3,July,1,2018,Qtr 3,July,28,18-Jul,July,2018
2018,Qtr 3,July,1,2018,Qtr 3,July,29,18-Jul,July,2018
2018,Qtr 3,July,1,2018,Qtr 3,July,30,18-Jul,July,2018
2018,Qtr 3,July,1,2018,Qtr 3,July,31,18-Jul,July,2018
2018,Qtr 3,August,1,2018,Qtr 3,August,1,18-Aug,August,2018
2018,Qtr 3,August,1,2018,Qtr 3,August,2,18-Aug,August,2018
2018,Qtr 3,August,1,2018,Qtr 3,August,3,18-Aug,August,2018
2018,Qtr 3,August,1,2018,Qtr 3,August,4,18-Aug,August,2018
2018,Qtr 3,August,1,2018,Qtr 3,August,5,18-Aug,August,2018
2018,Qtr 3,August,1,2018,Qtr 3,August,6,18-Aug,August,2018
2018,Qtr 3,August,1,2018,Qtr 3,August,7,18-Aug,August,2018
2018,Qtr 3,August,1,2018,Qtr 3,August,8,18-Aug,August,2018
2018,Qtr 3,August,1,2018,Qtr 3,August,9,18-Aug,August,2018
2018,Qtr 3,August,1,2018,Qtr 3,August,10,18-Aug,August,2018
2018,Qtr 3,August,1,2018,Qtr 3,August,11,18-Aug,August,2018
2018,Qtr 3,August,1,2018,Qtr 3,August,12,18-Aug,August,2018
2018,Qtr 3,August,1,2018,Qtr 3,August,13,18-Aug,August,2018
2018,Qtr 3,August,1,2018,Qtr 3,August,14,18-Aug,August,2018
2018,Qtr 3,August,1,2018,Qtr 3,August,15,18-Aug,August,2018
2018,Qtr 3,August,1,2018,Qtr 3,August,16,18-Aug,August,2018
2018,Qtr 3,August,1,2018,Qtr 3,August,17,18-Aug,August,2018
2018,Qtr 3,August,1,2018,Qtr 3,August,18,18-Aug,August,2018
2018,Qtr 3,August,1,2018,Qtr 3,August,19,18-Aug,August,2018
2018,Qtr 3,August,1,2018,Qtr 3,August,20,18-Aug,August,2018
2018,Qtr 3,August,1,2018,Qtr 3,August,21,18-Aug,August,2018
2018,Qtr 3,August,1,2018,Qtr 3,August,22,18-Aug,August,2018
2018,Qtr 3,August,1,2018,Qtr 3,August,23,18-Aug,August,2018
2018,Qtr 3,August,1,2018,Qtr 3,August,24,18-Aug,August,2018
2018,Qtr 3,August,1,2018,Qtr 3,August,25,18-Aug,August,2018
2018,Qtr 3,August,1,2018,Qtr 3,August,26,18-Aug,August,2018
2018,Qtr 3,August,1,2018,Qtr 3,August,27,18-Aug,August,2018
2018,Qtr 3,August,1,2018,Qtr 3,August,28,18-Aug,August,2018
2018,Qtr 3,August,1,2018,Qtr 3,August,29,18-Aug,August,2018
2018,Qtr 3,August,1,2018,Qtr 3,August,30,18-Aug,August,2018
2018,Qtr 3,August,1,2018,Qtr 3,August,31,18-Aug,August,2018
2018,Qtr 3,September,1,2018,Qtr 3,September,1,18-Sep,September,2018
2018,Qtr 3,September,1,2018,Qtr 3,September,2,18-Sep,September,2018
2018,Qtr 3,September,1,2018,Qtr 3,September,3,18-Sep,September,2018
2018,Qtr 3,September,1,2018,Qtr 3,September,4,18-Sep,September,2018
2018,Qtr 3,September,1,2018,Qtr 3,September,5,18-Sep,September,2018
2018,Qtr 3,September,1,2018,Qtr 3,September,6,18-Sep,September,2018
2018,Qtr 3,September,1,2018,Qtr 3,September,7,18-Sep,September,2018
2018,Qtr 3,September,1,2018,Qtr 3,September,8,18-Sep,September,2018
2018,Qtr 3,September,1,2018,Qtr 3,September,9,18-Sep,September,2018
2018,Qtr 3,September,1,2018,Qtr 3,September,10,18-Sep,September,2018
2018,Qtr 3,September,1,2018,Qtr 3,September,11,18-Sep,September,2018
2018,Qtr 3,September,1,2018,Qtr 3,September,12,18-Sep,September,2018
2018,Qtr 3,September,1,2018,Qtr 3,September,13,18-Sep,September,2018
2018,Qtr 3,September,1,2018,Qtr 3,September,14,18-Sep,September,2018
2018,Qtr 3,September,1,2018,Qtr 3,September,15,18-Sep,September,2018
2018,Qtr 3,September,1,2018,Qtr 3,September,16,18-Sep,September,2018
2018,Qtr 3,September,1,2018,Qtr 3,September,17,18-Sep,September,2018
2018,Qtr 3,September,1,2018,Qtr 3,September,18,18-Sep,September,2018
2018,Qtr 3,September,1,2018,Qtr 3,September,19,18-Sep,September,2018
2018,Qtr 3,September,1,2018,Qtr 3,September,20,18-Sep,September,2018
2018,Qtr 3,September,1,2018,Qtr 3,September,21,18-Sep,September,2018
2018,Qtr 3,September,1,2018,Qtr 3,September,22,18-Sep,September,2018
2018,Qtr 3,September,1,2018,Qtr 3,September,23,18-Sep,September,2018
2018,Qtr 3,September,1,2018,Qtr 3,September,24,18-Sep,September,2018
2018,Qtr 3,September,1,2018,Qtr 3,September,25,18-Sep,September,2018
2018,Qtr 3,September,1,2018,Qtr 3,September,26,18-Sep,September,2018
2018,Qtr 3,September,1,2018,Qtr 3,September,27,18-Sep,September,2018
2018,Qtr 3,September,1,2018,Qtr 3,September,28,18-Sep,September,2018
2018,Qtr 3,September,1,2018,Qtr 3,September,29,18-Sep,September,2018
2018,Qtr 3,September,1,2018,Qtr 3,September,30,18-Sep,September,2018
2018,Qtr 4,October,1,2018,Qtr 4,October,1,18-Oct,October,2018
2018,Qtr 4,October,1,2018,Qtr 4,October,2,18-Oct,October,2018
2018,Qtr 4,October,1,2018,Qtr 4,October,3,18-Oct,October,2018
2018,Qtr 4,October,1,2018,Qtr 4,October,4,18-Oct,October,2018
2018,Qtr 4,October,1,2018,Qtr 4,October,5,18-Oct,October,2018
2018,Qtr 4,October,1,2018,Qtr 4,October,6,18-Oct,October,2018
2018,Qtr 4,October,1,2018,Qtr 4,October,7,18-Oct,October,2018
2018,Qtr 4,October,1,2018,Qtr 4,October,8,18-Oct,October,2018
2018,Qtr 4,October,1,2018,Qtr 4,October,9,18-Oct,October,2018
2018,Qtr 4,October,1,2018,Qtr 4,October,10,18-Oct,October,2018
2018,Qtr 4,October,1,2018,Qtr 4,October,11,18-Oct,October,2018
2018,Qtr 4,October,1,2018,Qtr 4,October,12,18-Oct,October,2018
2018,Qtr 4,October,1,2018,Qtr 4,October,13,18-Oct,October,2018
2018,Qtr 4,October,1,2018,Qtr 4,October,14,18-Oct,October,2018
2018,Qtr 4,October,1,2018,Qtr 4,October,15,18-Oct,October,2018
2018,Qtr 4,October,1,2018,Qtr 4,October,16,18-Oct,October,2018
2018,Qtr 4,October,1,2018,Qtr 4,October,17,18-Oct,October,2018
2018,Qtr 4,October,1,2018,Qtr 4,October,18,18-Oct,October,2018
2018,Qtr 4,October,1,2018,Qtr 4,October,19,18-Oct,October,2018
2018,Qtr 4,October,1,2018,Qtr 4,October,20,18-Oct,October,2018
2018,Qtr 4,October,1,2018,Qtr 4,October,21,18-Oct,October,2018
2018,Qtr 4,October,1,2018,Qtr 4,October,22,18-Oct,October,2018
2018,Qtr 4,October,1,2018,Qtr 4,October,23,18-Oct,October,2018
2018,Qtr 4,October,1,2018,Qtr 4,October,24,18-Oct,October,2018
2018,Qtr 4,October,1,2018,Qtr 4,October,25,18-Oct,October,2018
2018,Qtr 4,October,1,2018,Qtr 4,October,26,18-Oct,October,2018
2018,Qtr 4,October,1,2018,Qtr 4,October,27,18-Oct,October,2018
2018,Qtr 4,October,1,2018,Qtr 4,October,28,18-Oct,October,2018
2018,Qtr 4,October,1,2018,Qtr 4,October,29,18-Oct,October,2018
2018,Qtr 4,October,1,2018,Qtr 4,October,30,18-Oct,October,2018
2018,Qtr 4,October,1,2018,Qtr 4,October,31,18-Oct,October,2018
2018,Qtr 4,November,1,2018,Qtr 4,November,1,18-Nov,November,2018
2018,Qtr 4,November,1,2018,Qtr 4,November,2,18-Nov,November,2018
2018,Qtr 4,November,1,2018,Qtr 4,November,3,18-Nov,November,2018
2018,Qtr 4,November,1,2018,Qtr 4,November,4,18-Nov,November,2018
2018,Qtr 4,November,1,2018,Qtr 4,November,5,18-Nov,November,2018
2018,Qtr 4,November,1,2018,Qtr 4,November,6,18-Nov,November,2018
2018,Qtr 4,November,1,2018,Qtr 4,November,7,18-Nov,November,2018
2018,Qtr 4,November,1,2018,Qtr 4,November,8,18-Nov,November,2018
2018,Qtr 4,November,1,2018,Qtr 4,November,9,18-Nov,November,2018
2018,Qtr 4,November,1,2018,Qtr 4,November,10,18-Nov,November,2018
2018,Qtr 4,November,1,2018,Qtr 4,November,11,18-Nov,November,2018
2018,Qtr 4,November,1,2018,Qtr 4,November,12,18-Nov,November,2018
2018,Qtr 4,November,1,2018,Qtr 4,November,13,18-Nov,November,2018
2018,Qtr 4,November,1,2018,Qtr 4,November,14,18-Nov,November,2018
2018,Qtr 4,November,1,2018,Qtr 4,November,15,18-Nov,November,2018
2018,Qtr 4,November,1,2018,Qtr 4,November,16,18-Nov,November,2018
2018,Qtr 4,November,1,2018,Qtr 4,November,17,18-Nov,November,2018
2018,Qtr 4,November,1,2018,Qtr 4,November,18,18-Nov,November,2018
2018,Qtr 4,November,1,2018,Qtr 4,November,19,18-Nov,November,2018
2018,Qtr 4,November,1,2018,Qtr 4,November,20,18-Nov,November,2018
2018,Qtr 4,November,1,2018,Qtr 4,November,21,18-Nov,November,2018
2018,Qtr 4,November,1,2018,Qtr 4,November,22,18-Nov,November,2018
2018,Qtr 4,November,1,2018,Qtr 4,November,23,18-Nov,November,2018
2018,Qtr 4,November,1,2018,Qtr 4,November,24,18-Nov,November,2018
2018,Qtr 4,November,1,2018,Qtr 4,November,25,18-Nov,November,2018
2018,Qtr 4,November,1,2018,Qtr 4,November,26,18-Nov,November,2018
2018,Qtr 4,November,1,2018,Qtr 4,November,27,18-Nov,November,2018
2018,Qtr 4,November,1,2018,Qtr 4,November,28,18-Nov,November,2018
2018,Qtr 4,November,1,2018,Qtr 4,November,29,18-Nov,November,2018
2018,Qtr 4,November,1,2018,Qtr 4,November,30,18-Nov,November,2018
2018,Qtr 4,December,1,2018,Qtr 4,December,1,18-Dec,December,2018
2018,Qtr 4,December,1,2018,Qtr 4,December,2,18-Dec,December,2018
2018,Qtr 4,December,1,2018,Qtr 4,December,3,18-Dec,December,2018
2018,Qtr 4,December,1,2018,Qtr 4,December,4,18-Dec,December,2018
2018,Qtr 4,December,1,2018,Qtr 4,December,5,18-Dec,December,2018
2018,Qtr 4,December,1,2018,Qtr 4,December,6,18-Dec,December,2018
2018,Qtr 4,December,1,2018,Qtr 4,December,7,18-Dec,December,2018
2018,Qtr 4,December,1,2018,Qtr 4,December,8,18-Dec,December,2018
2018,Qtr 4,December,1,2018,Qtr 4,December,9,18-Dec,December,2018
2018,Qtr 4,December,1,2018,Qtr 4,December,10,18-Dec,December,2018
2018,Qtr 4,December,1,2018,Qtr 4,December,11,18-Dec,December,2018
2018,Qtr 4,December,1,2018,Qtr 4,December,12,18-Dec,December,2018
2018,Qtr 4,December,1,2018,Qtr 4,December,13,18-Dec,December,2018
2018,Qtr 4,December,1,2018,Qtr 4,December,14,18-Dec,December,2018
2018,Qtr 4,December,1,2018,Qtr 4,December,15,18-Dec,December,2018
2018,Qtr 4,December,1,2018,Qtr 4,December,16,18-Dec,December,2018
2018,Qtr 4,December,1,2018,Qtr 4,December,17,18-Dec,December,2018
2018,Qtr 4,December,1,2018,Qtr 4,December,18,18-Dec,December,2018
2018,Qtr 4,December,1,2018,Qtr 4,December,19,18-Dec,December,2018
2018,Qtr 4,December,1,2018,Qtr 4,December,20,18-Dec,December,2018
2018,Qtr 4,December,1,2018,Qtr 4,December,21,18-Dec,December,2018
2018,Qtr 4,December,1,2018,Qtr 4,December,22,18-Dec,December,2018
2018,Qtr 4,December,1,2018,Qtr 4,December,23,18-Dec,December,2018
2018,Qtr 4,December,1,2018,Qtr 4,December,24,18-Dec,December,2018
2018,Qtr 4,December,1,2018,Qtr 4,December,25,18-Dec,December,2018
2018,Qtr 4,December,1,2018,Qtr 4,December,26,18-Dec,December,2018
2018,Qtr 4,December,1,2018,Qtr 4,December,27,18-Dec,December,2018
2018,Qtr 4,December,1,2018,Qtr 4,December,28,18-Dec,December,2018
2018,Qtr 4,December,1,2018,Qtr 4,December,29,18-Dec,December,2018
2018,Qtr 4,December,1,2018,Qtr 4,December,30,18-Dec,December,2018
2018,Qtr 4,December,1,2018,Qtr 4,December,31,18-Dec,December,2018
2019,Qtr 1,January,1,2019,Qtr 1,January,1,19-Jan,January,2019
2019,Qtr 1,January,1,2019,Qtr 1,January,2,19-Jan,January,2019
2019,Qtr 1,January,1,2019,Qtr 1,January,3,19-Jan,January,2019
2019,Qtr 1,January,1,2019,Qtr 1,January,4,19-Jan,January,2019
2019,Qtr 1,January,1,2019,Qtr 1,January,5,19-Jan,January,2019
2019,Qtr 1,January,1,2019,Qtr 1,January,6,19-Jan,January,2019
2019,Qtr 1,January,1,2019,Qtr 1,January,7,19-Jan,January,2019
2019,Qtr 1,January,1,2019,Qtr 1,January,8,19-Jan,January,2019
2019,Qtr 1,January,1,2019,Qtr 1,January,9,19-Jan,January,2019
2019,Qtr 1,January,1,2019,Qtr 1,January,10,19-Jan,January,2019
2019,Qtr 1,January,1,2019,Qtr 1,January,11,19-Jan,January,2019
2019,Qtr 1,January,1,2019,Qtr 1,January,12,19-Jan,January,2019
2019,Qtr 1,January,1,2019,Qtr 1,January,13,19-Jan,January,2019
2019,Qtr 1,January,1,2019,Qtr 1,January,14,19-Jan,January,2019
2019,Qtr 1,January,1,2019,Qtr 1,January,15,19-Jan,January,2019
2019,Qtr 1,January,1,2019,Qtr 1,January,16,19-Jan,January,2019
2019,Qtr 1,January,1,2019,Qtr 1,January,17,19-Jan,January,2019
2019,Qtr 1,January,1,2019,Qtr 1,January,18,19-Jan,January,2019
2019,Qtr 1,January,1,2019,Qtr 1,January,19,19-Jan,January,2019
2019,Qtr 1,January,1,2019,Qtr 1,January,20,19-Jan,January,2019
2019,Qtr 1,January,1,2019,Qtr 1,January,21,19-Jan,January,2019
2019,Qtr 1,January,1,2019,Qtr 1,January,22,19-Jan,January,2019
2019,Qtr 1,January,1,2019,Qtr 1,January,23,19-Jan,January,2019
2019,Qtr 1,January,1,2019,Qtr 1,January,24,19-Jan,January,2019
2019,Qtr 1,January,1,2019,Qtr 1,January,25,19-Jan,January,2019
2019,Qtr 1,January,1,2019,Qtr 1,January,26,19-Jan,January,2019
2019,Qtr 1,January,1,2019,Qtr 1,January,27,19-Jan,January,2019
2019,Qtr 1,January,1,2019,Qtr 1,January,28,19-Jan,January,2019
2019,Qtr 1,January,1,2019,Qtr 1,January,29,19-Jan,January,2019
2019,Qtr 1,January,1,2019,Qtr 1,January,30,19-Jan,January,2019
2019,Qtr 1,January,1,2019,Qtr 1,January,31,19-Jan,January,2019
2019,Qtr 1,February,1,2019,Qtr 1,February,1,19-Feb,February,2019
2019,Qtr 1,February,1,2019,Qtr 1,February,2,19-Feb,February,2019
2019,Qtr 1,February,1,2019,Qtr 1,February,3,19-Feb,February,2019
2019,Qtr 1,February,1,2019,Qtr 1,February,4,19-Feb,February,2019
2019,Qtr 1,February,1,2019,Qtr 1,February,5,19-Feb,February,2019
2019,Qtr 1,February,1,2019,Qtr 1,February,6,19-Feb,February,2019
2019,Qtr 1,February,1,2019,Qtr 1,February,7,19-Feb,February,2019
2019,Qtr 1,February,1,2019,Qtr 1,February,8,19-Feb,February,2019
2019,Qtr 1,February,1,2019,Qtr 1,February,9,19-Feb,February,2019
2019,Qtr 1,February,1,2019,Qtr 1,February,10,19-Feb,February,2019
2019,Qtr 1,February,1,2019,Qtr 1,February,11,19-Feb,February,2019
2019,Qtr 1,February,1,2019,Qtr 1,February,12,19-Feb,February,2019
2019,Qtr 1,February,1,2019,Qtr 1,February,13,19-Feb,February,2019
2019,Qtr 1,February,1,2019,Qtr 1,February,14,19-Feb,February,2019
2019,Qtr 1,February,1,2019,Qtr 1,February,15,19-Feb,February,2019
2019,Qtr 1,February,1,2019,Qtr 1,February,16,19-Feb,February,2019
2019,Qtr 1,February,1,2019,Qtr 1,February,17,19-Feb,February,2019
2019,Qtr 1,February,1,2019,Qtr 1,February,18,19-Feb,February,2019
2019,Qtr 1,February,1,2019,Qtr 1,February,19,19-Feb,February,2019
2019,Qtr 1,February,1,2019,Qtr 1,February,20,19-Feb,February,2019
2019,Qtr 1,February,1,2019,Qtr 1,February,21,19-Feb,February,2019
2019,Qtr 1,February,1,2019,Qtr 1,February,22,19-Feb,February,2019
2019,Qtr 1,February,1,2019,Qtr 1,February,23,19-Feb,February,2019
2019,Qtr 1,February,1,2019,Qtr 1,February,24,19-Feb,February,2019
2019,Qtr 1,February,1,2019,Qtr 1,February,25,19-Feb,February,2019
2019,Qtr 1,February,1,2019,Qtr 1,February,26,19-Feb,February,2019
2019,Qtr 1,February,1,2019,Qtr 1,February,27,19-Feb,February,2019
2019,Qtr 1,February,1,2019,Qtr 1,February,28,19-Feb,February,2019
2019,Qtr 1,March,1,2019,Qtr 1,March,1,19-Mar,March,2019
2019,Qtr 1,March,1,2019,Qtr 1,March,2,19-Mar,March,2019
2019,Qtr 1,March,1,2019,Qtr 1,March,3,19-Mar,March,2019
2019,Qtr 1,March,1,2019,Qtr 1,March,4,19-Mar,March,2019
2019,Qtr 1,March,1,2019,Qtr 1,March,5,19-Mar,March,2019
2019,Qtr 1,March,1,2019,Qtr 1,March,6,19-Mar,March,2019
2019,Qtr 1,March,1,2019,Qtr 1,March,7,19-Mar,March,2019
2019,Qtr 1,March,1,2019,Qtr 1,March,8,19-Mar,March,2019
2019,Qtr 1,March,1,2019,Qtr 1,March,9,19-Mar,March,2019
2019,Qtr 1,March,1,2019,Qtr 1,March,10,19-Mar,March,2019
2019,Qtr 1,March,1,2019,Qtr 1,March,11,19-Mar,March,2019
2019,Qtr 1,March,1,2019,Qtr 1,March,12,19-Mar,March,2019
2019,Qtr 1,March,1,2019,Qtr 1,March,13,19-Mar,March,2019
2019,Qtr 1,March,1,2019,Qtr 1,March,14,19-Mar,March,2019
2019,Qtr 1,March,1,2019,Qtr 1,March,15,19-Mar,March,2019
2019,Qtr 1,March,1,2019,Qtr 1,March,16,19-Mar,March,2019
2019,Qtr 1,March,1,2019,Qtr 1,March,17,19-Mar,March,2019
2019,Qtr 1,March,1,2019,Qtr 1,March,18,19-Mar,March,2019
2019,Qtr 1,March,1,2019,Qtr 1,March,19,19-Mar,March,2019
2019,Qtr 1,March,1,2019,Qtr 1,March,20,19-Mar,March,2019
2019,Qtr 1,March,1,2019,Qtr 1,March,21,19-Mar,March,2019
2019,Qtr 1,March,1,2019,Qtr 1,March,22,19-Mar,March,2019
2019,Qtr 1,March,1,2019,Qtr 1,March,23,19-Mar,March,2019
2019,Qtr 1,March,1,2019,Qtr 1,March,24,19-Mar,March,2019
2019,Qtr 1,March,1,2019,Qtr 1,March,25,19-Mar,March,2019
2019,Qtr 1,March,1,2019,Qtr 1,March,26,19-Mar,March,2019
2019,Qtr 1,March,1,2019,Qtr 1,March,27,19-Mar,March,2019
2019,Qtr 1,March,1,2019,Qtr 1,March,28,19-Mar,March,2019
2019,Qtr 1,March,1,2019,Qtr 1,March,29,19-Mar,March,2019
2019,Qtr 1,March,1,2019,Qtr 1,March,30,19-Mar,March,2019
2019,Qtr 1,March,1,2019,Qtr 1,March,31,19-Mar,March,2019
2019,Qtr 2,April,1,2019,Qtr 2,April,1,19-Apr,April,2019
2019,Qtr 2,April,1,2019,Qtr 2,April,2,19-Apr,April,2019
2019,Qtr 2,April,1,2019,Qtr 2,April,3,19-Apr,April,2019
2019,Qtr 2,April,1,2019,Qtr 2,April,4,19-Apr,April,2019
2019,Qtr 2,April,1,2019,Qtr 2,April,5,19-Apr,April,2019
2019,Qtr 2,April,1,2019,Qtr 2,April,6,19-Apr,April,2019
2019,Qtr 2,April,1,2019,Qtr 2,April,7,19-Apr,April,2019
2019,Qtr 2,April,1,2019,Qtr 2,April,8,19-Apr,April,2019
2019,Qtr 2,April,1,2019,Qtr 2,April,9,19-Apr,April,2019
2019,Qtr 2,April,1,2019,Qtr 2,April,10,19-Apr,April,2019
2019,Qtr 2,April,1,2019,Qtr 2,April,11,19-Apr,April,2019
2019,Qtr 2,April,1,2019,Qtr 2,April,12,19-Apr,April,2019
2019,Qtr 2,April,1,2019,Qtr 2,April,13,19-Apr,April,2019
2019,Qtr 2,April,1,2019,Qtr 2,April,14,19-Apr,April,2019
2019,Qtr 2,April,1,2019,Qtr 2,April,15,19-Apr,April,2019
2019,Qtr 2,April,1,2019,Qtr 2,April,16,19-Apr,April,2019
2019,Qtr 2,April,1,2019,Qtr 2,April,17,19-Apr,April,2019
2019,Qtr 2,April,1,2019,Qtr 2,April,18,19-Apr,April,2019
2019,Qtr 2,April,1,2019,Qtr 2,April,19,19-Apr,April,2019
2019,Qtr 2,April,1,2019,Qtr 2,April,20,19-Apr,April,2019
2019,Qtr 2,April,1,2019,Qtr 2,April,21,19-Apr,April,2019
2019,Qtr 2,April,1,2019,Qtr 2,April,22,19-Apr,April,2019
2019,Qtr 2,April,1,2019,Qtr 2,April,23,19-Apr,April,2019
2019,Qtr 2,April,1,2019,Qtr 2,April,24,19-Apr,April,2019
2019,Qtr 2,April,1,2019,Qtr 2,April,25,19-Apr,April,2019
2019,Qtr 2,April,1,2019,Qtr 2,April,26,19-Apr,April,2019
2019,Qtr 2,April,1,2019,Qtr 2,April,27,19-Apr,April,2019
2019,Qtr 2,April,1,2019,Qtr 2,April,28,19-Apr,April,2019
2019,Qtr 2,April,1,2019,Qtr 2,April,29,19-Apr,April,2019
2019,Qtr 2,April,1,2019,Qtr 2,April,30,19-Apr,April,2019
2019,Qtr 2,May,1,2019,Qtr 2,May,1,19-May,May,2019
2019,Qtr 2,May,1,2019,Qtr 2,May,2,19-May,May,2019
2019,Qtr 2,May,1,2019,Qtr 2,May,3,19-May,May,2019
2019,Qtr 2,May,1,2019,Qtr 2,May,4,19-May,May,2019
2019,Qtr 2,May,1,2019,Qtr 2,May,5,19-May,May,2019
2019,Qtr 2,May,1,2019,Qtr 2,May,6,19-May,May,2019
2019,Qtr 2,May,1,2019,Qtr 2,May,7,19-May,May,2019
2019,Qtr 2,May,1,2019,Qtr 2,May,8,19-May,May,2019
2019,Qtr 2,May,1,2019,Qtr 2,May,9,19-May,May,2019
2019,Qtr 2,May,1,2019,Qtr 2,May,10,19-May,May,2019
2019,Qtr 2,May,1,2019,Qtr 2,May,11,19-May,May,2019
2019,Qtr 2,May,1,2019,Qtr 2,May,12,19-May,May,2019
2019,Qtr 2,May,1,2019,Qtr 2,May,13,19-May,May,2019
2019,Qtr 2,May,1,2019,Qtr 2,May,14,19-May,May,2019
2019,Qtr 2,May,1,2019,Qtr 2,May,15,19-May,May,2019
2019,Qtr 2,May,1,2019,Qtr 2,May,16,19-May,May,2019
2019,Qtr 2,May,1,2019,Qtr 2,May,17,19-May,May,2019
2019,Qtr 2,May,1,2019,Qtr 2,May,18,19-May,May,2019
2019,Qtr 2,May,1,2019,Qtr 2,May,19,19-May,May,2019
2019,Qtr 2,May,1,2019,Qtr 2,May,20,19-May,May,2019
2019,Qtr 2,May,1,2019,Qtr 2,May,21,19-May,May,2019
2019,Qtr 2,May,1,2019,Qtr 2,May,22,19-May,May,2019
2019,Qtr 2,May,1,2019,Qtr 2,May,23,19-May,May,2019
2019,Qtr 2,May,1,2019,Qtr 2,May,24,19-May,May,2019
2019,Qtr 2,May,1,2019,Qtr 2,May,25,19-May,May,2019
2019,Qtr 2,May,1,2019,Qtr 2,May,26,19-May,May,2019
2019,Qtr 2,May,1,2019,Qtr 2,May,27,19-May,May,2019
2019,Qtr 2,May,1,2019,Qtr 2,May,28,19-May,May,2019
2019,Qtr 2,May,1,2019,Qtr 2,May,29,19-May,May,2019
2019,Qtr 2,May,1,2019,Qtr 2,May,30,19-May,May,2019
2019,Qtr 2,May,1,2019,Qtr 2,May,31,19-May,May,2019
2019,Qtr 2,June,1,2019,Qtr 2,June,1,19-Jun,June,2019
2019,Qtr 2,June,1,2019,Qtr 2,June,2,19-Jun,June,2019
2019,Qtr 2,June,1,2019,Qtr 2,June,3,19-Jun,June,2019
2019,Qtr 2,June,1,2019,Qtr 2,June,4,19-Jun,June,2019
2019,Qtr 2,June,1,2019,Qtr 2,June,5,19-Jun,June,2019
2019,Qtr 2,June,1,2019,Qtr 2,June,6,19-Jun,June,2019
2019,Qtr 2,June,1,2019,Qtr 2,June,7,19-Jun,June,2019
2019,Qtr 2,June,1,2019,Qtr 2,June,8,19-Jun,June,2019
2019,Qtr 2,June,1,2019,Qtr 2,June,9,19-Jun,June,2019
2019,Qtr 2,June,1,2019,Qtr 2,June,10,19-Jun,June,2019
2019,Qtr 2,June,1,2019,Qtr 2,June,11,19-Jun,June,2019
2019,Qtr 2,June,1,2019,Qtr 2,June,12,19-Jun,June,2019
2019,Qtr 2,June,1,2019,Qtr 2,June,13,19-Jun,June,2019
2019,Qtr 2,June,1,2019,Qtr 2,June,14,19-Jun,June,2019
2019,Qtr 2,June,1,2019,Qtr 2,June,15,19-Jun,June,2019
2019,Qtr 2,June,1,2019,Qtr 2,June,16,19-Jun,June,2019
2019,Qtr 2,June,1,2019,Qtr 2,June,17,19-Jun,June,2019
2019,Qtr 2,June,1,2019,Qtr 2,June,18,19-Jun,June,2019
2019,Qtr 2,June,1,2019,Qtr 2,June,19,19-Jun,June,2019
2019,Qtr 2,June,1,2019,Qtr 2,June,20,19-Jun,June,2019
2019,Qtr 2,June,1,2019,Qtr 2,June,21,19-Jun,June,2019
2019,Qtr 2,June,1,2019,Qtr 2,June,22,19-Jun,June,2019
2019,Qtr 2,June,1,2019,Qtr 2,June,23,19-Jun,June,2019
2019,Qtr 2,June,1,2019,Qtr 2,June,24,19-Jun,June,2019
2019,Qtr 2,June,1,2019,Qtr 2,June,25,19-Jun,June,2019
2019,Qtr 2,June,1,2019,Qtr 2,June,26,19-Jun,June,2019
2019,Qtr 2,June,1,2019,Qtr 2,June,27,19-Jun,June,2019
2019,Qtr 2,June,1,2019,Qtr 2,June,28,19-Jun,June,2019
2019,Qtr 2,June,1,2019,Qtr 2,June,29,19-Jun,June,2019
2019,Qtr 2,June,1,2019,Qtr 2,June,30,19-Jun,June,2019
2019,Qtr 3,July,1,2019,Qtr 3,July,1,19-Jul,July,2019
2019,Qtr 3,July,1,2019,Qtr 3,July,2,19-Jul,July,2019
2019,Qtr 3,July,1,2019,Qtr 3,July,3,19-Jul,July,2019
2019,Qtr 3,July,1,2019,Qtr 3,July,4,19-Jul,July,2019
2019,Qtr 3,July,1,2019,Qtr 3,July,5,19-Jul,July,2019
2019,Qtr 3,July,1,2019,Qtr 3,July,6,19-Jul,July,2019
2019,Qtr 3,July,1,2019,Qtr 3,July,7,19-Jul,July,2019
2019,Qtr 3,July,1,2019,Qtr 3,July,8,19-Jul,July,2019
2019,Qtr 3,July,1,2019,Qtr 3,July,9,19-Jul,July,2019
2019,Qtr 3,July,1,2019,Qtr 3,July,10,19-Jul,July,2019
2019,Qtr 3,July,1,2019,Qtr 3,July,11,19-Jul,July,2019
2019,Qtr 3,July,1,2019,Qtr 3,July,12,19-Jul,July,2019
2019,Qtr 3,July,1,2019,Qtr 3,July,13,19-Jul,July,2019
2019,Qtr 3,July,1,2019,Qtr 3,July,14,19-Jul,July,2019
2019,Qtr 3,July,1,2019,Qtr 3,July,15,19-Jul,July,2019
2019,Qtr 3,July,1,2019,Qtr 3,July,16,19-Jul,July,2019
2019,Qtr 3,July,1,2019,Qtr 3,July,17,19-Jul,July,2019
2019,Qtr 3,July,1,2019,Qtr 3,July,18,19-Jul,July,2019
2019,Qtr 3,July,1,2019,Qtr 3,July,19,19-Jul,July,2019
2019,Qtr 3,July,1,2019,Qtr 3,July,20,19-Jul,July,2019
2019,Qtr 3,July,1,2019,Qtr 3,July,21,19-Jul,July,2019
2019,Qtr 3,July,1,2019,Qtr 3,July,22,19-Jul,July,2019
2019,Qtr 3,July,1,2019,Qtr 3,July,23,19-Jul,July,2019
2019,Qtr 3,July,1,2019,Qtr 3,July,24,19-Jul,July,2019
2019,Qtr 3,July,1,2019,Qtr 3,July,25,19-Jul,July,2019
2019,Qtr 3,July,1,2019,Qtr 3,July,26,19-Jul,July,2019
2019,Qtr 3,July,1,2019,Qtr 3,July,27,19-Jul,July,2019
2019,Qtr 3,July,1,2019,Qtr 3,July,28,19-Jul,July,2019
2019,Qtr 3,July,1,2019,Qtr 3,July,29,19-Jul,July,2019
2019,Qtr 3,July,1,2019,Qtr 3,July,30,19-Jul,July,2019
2019,Qtr 3,July,1,2019,Qtr 3,July,31,19-Jul,July,2019
2019,Qtr 3,August,1,2019,Qtr 3,August,1,19-Aug,August,2019
2019,Qtr 3,August,1,2019,Qtr 3,August,2,19-Aug,August,2019
2019,Qtr 3,August,1,2019,Qtr 3,August,3,19-Aug,August,2019
2019,Qtr 3,August,1,2019,Qtr 3,August,4,19-Aug,August,2019
2019,Qtr 3,August,1,2019,Qtr 3,August,5,19-Aug,August,2019
2019,Qtr 3,August,1,2019,Qtr 3,August,6,19-Aug,August,2019
2019,Qtr 3,August,1,2019,Qtr 3,August,7,19-Aug,August,2019
2019,Qtr 3,August,1,2019,Qtr 3,August,8,19-Aug,August,2019
2019,Qtr 3,August,1,2019,Qtr 3,August,9,19-Aug,August,2019
2019,Qtr 3,August,1,2019,Qtr 3,August,10,19-Aug,August,2019
2019,Qtr 3,August,1,2019,Qtr 3,August,11,19-Aug,August,2019
2019,Qtr 3,August,1,2019,Qtr 3,August,12,19-Aug,August,2019
2019,Qtr 3,August,1,2019,Qtr 3,August,13,19-Aug,August,2019
2019,Qtr 3,August,1,2019,Qtr 3,August,14,19-Aug,August,2019
2019,Qtr 3,August,1,2019,Qtr 3,August,15,19-Aug,August,2019
2019,Qtr 3,August,1,2019,Qtr 3,August,16,19-Aug,August,2019
2019,Qtr 3,August,1,2019,Qtr 3,August,17,19-Aug,August,2019
2019,Qtr 3,August,1,2019,Qtr 3,August,18,19-Aug,August,2019
2019,Qtr 3,August,1,2019,Qtr 3,August,19,19-Aug,August,2019
2019,Qtr 3,August,1,2019,Qtr 3,August,20,19-Aug,August,2019
2019,Qtr 3,August,1,2019,Qtr 3,August,21,19-Aug,August,2019
2019,Qtr 3,August,1,2019,Qtr 3,August,22,19-Aug,August,2019
2019,Qtr 3,August,1,2019,Qtr 3,August,23,19-Aug,August,2019
2019,Qtr 3,August,1,2019,Qtr 3,August,24,19-Aug,August,2019
2019,Qtr 3,August,1,2019,Qtr 3,August,25,19-Aug,August,2019
2019,Qtr 3,August,1,2019,Qtr 3,August,26,19-Aug,August,2019
2019,Qtr 3,August,1,2019,Qtr 3,August,27,19-Aug,August,2019
2019,Qtr 3,August,1,2019,Qtr 3,August,28,19-Aug,August,2019
2019,Qtr 3,August,1,2019,Qtr 3,August,29,19-Aug,August,2019
2019,Qtr 3,August,1,2019,Qtr 3,August,30,19-Aug,August,2019
2019,Qtr 3,August,1,2019,Qtr 3,August,31,19-Aug,August,2019
2019,Qtr 3,September,1,2019,Qtr 3,September,1,19-Sep,September,2019
2019,Qtr 3,September,1,2019,Qtr 3,September,2,19-Sep,September,2019
2019,Qtr 3,September,1,2019,Qtr 3,September,3,19-Sep,September,2019
2019,Qtr 3,September,1,2019,Qtr 3,September,4,19-Sep,September,2019
2019,Qtr 3,September,1,2019,Qtr 3,September,5,19-Sep,September,2019
2019,Qtr 3,September,1,2019,Qtr 3,September,6,19-Sep,September,2019
2019,Qtr 3,September,1,2019,Qtr 3,September,7,19-Sep,September,2019
2019,Qtr 3,September,1,2019,Qtr 3,September,8,19-Sep,September,2019
2019,Qtr 3,September,1,2019,Qtr 3,September,9,19-Sep,September,2019
2019,Qtr 3,September,1,2019,Qtr 3,September,10,19-Sep,September,2019
2019,Qtr 3,September,1,2019,Qtr 3,September,11,19-Sep,September,2019
2019,Qtr 3,September,1,2019,Qtr 3,September,12,19-Sep,September,2019
2019,Qtr 3,September,1,2019,Qtr 3,September,13,19-Sep,September,2019
2019,Qtr 3,September,1,2019,Qtr 3,September,14,19-Sep,September,2019
2019,Qtr 3,September,1,2019,Qtr 3,September,15,19-Sep,September,2019
2019,Qtr 3,September,1,2019,Qtr 3,September,16,19-Sep,September,2019
2019,Qtr 3,September,1,2019,Qtr 3,September,17,19-Sep,September,2019
2019,Qtr 3,September,1,2019,Qtr 3,September,18,19-Sep,September,2019
2019,Qtr 3,September,1,2019,Qtr 3,September,19,19-Sep,September,2019
2019,Qtr 3,September,1,2019,Qtr 3,September,20,19-Sep,September,2019
2019,Qtr 3,September,1,2019,Qtr 3,September,21,19-Sep,September,2019
2019,Qtr 3,September,1,2019,Qtr 3,September,22,19-Sep,September,2019
2019,Qtr 3,September,1,2019,Qtr 3,September,23,19-Sep,September,2019
2019,Qtr 3,September,1,2019,Qtr 3,September,24,19-Sep,September,2019
2019,Qtr 3,September,1,2019,Qtr 3,September,25,19-Sep,September,2019
2019,Qtr 3,September,1,2019,Qtr 3,September,26,19-Sep,September,2019
2019,Qtr 3,September,1,2019,Qtr 3,September,27,19-Sep,September,2019
2019,Qtr 3,September,1,2019,Qtr 3,September,28,19-Sep,September,2019
2019,Qtr 3,September,1,2019,Qtr 3,September,29,19-Sep,September,2019
2019,Qtr 3,September,1,2019,Qtr 3,September,30,19-Sep,September,2019
2019,Qtr 4,October,1,2019,Qtr 4,October,1,19-Oct,October,2019
2019,Qtr 4,October,1,2019,Qtr 4,October,2,19-Oct,October,2019
2019,Qtr 4,October,1,2019,Qtr 4,October,3,19-Oct,October,2019
2019,Qtr 4,October,1,2019,Qtr 4,October,4,19-Oct,October,2019
2019,Qtr 4,October,1,2019,Qtr 4,October,5,19-Oct,October,2019
2019,Qtr 4,October,1,2019,Qtr 4,October,6,19-Oct,October,2019
2019,Qtr 4,October,1,2019,Qtr 4,October,7,19-Oct,October,2019
2019,Qtr 4,October,1,2019,Qtr 4,October,8,19-Oct,October,2019
2019,Qtr 4,October,1,2019,Qtr 4,October,9,19-Oct,October,2019
2019,Qtr 4,October,1,2019,Qtr 4,October,10,19-Oct,October,2019
2019,Qtr 4,October,1,2019,Qtr 4,October,11,19-Oct,October,2019
2019,Qtr 4,October,1,2019,Qtr 4,October,12,19-Oct,October,2019
2019,Qtr 4,October,1,2019,Qtr 4,October,13,19-Oct,October,2019
2019,Qtr 4,October,1,2019,Qtr 4,October,14,19-Oct,October,2019
2019,Qtr 4,October,1,2019,Qtr 4,October,15,19-Oct,October,2019
2019,Qtr 4,October,1,2019,Qtr 4,October,16,19-Oct,October,2019
2019,Qtr 4,October,1,2019,Qtr 4,October,17,19-Oct,October,2019
2019,Qtr 4,October,1,2019,Qtr 4,October,18,19-Oct,October,2019
2019,Qtr 4,October,1,2019,Qtr 4,October,19,19-Oct,October,2019
2019,Qtr 4,October,1,2019,Qtr 4,October,20,19-Oct,October,2019
2019,Qtr 4,October,1,2019,Qtr 4,October,21,19-Oct,October,2019
2019,Qtr 4,October,1,2019,Qtr 4,October,22,19-Oct,October,2019
2019,Qtr 4,October,1,2019,Qtr 4,October,23,19-Oct,October,2019
2019,Qtr 4,October,1,2019,Qtr 4,October,24,19-Oct,October,2019
2019,Qtr 4,October,1,2019,Qtr 4,October,25,19-Oct,October,2019
2019,Qtr 4,October,1,2019,Qtr 4,October,26,19-Oct,October,2019
2019,Qtr 4,October,1,2019,Qtr 4,October,27,19-Oct,October,2019
2019,Qtr 4,October,1,2019,Qtr 4,October,28,19-Oct,October,2019
2019,Qtr 4,October,1,2019,Qtr 4,October,29,19-Oct,October,2019
2019,Qtr 4,October,1,2019,Qtr 4,October,30,19-Oct,October,2019
2019,Qtr 4,October,1,2019,Qtr 4,October,31,19-Oct,October,2019
2019,Qtr 4,November,1,2019,Qtr 4,November,1,19-Nov,November,2019
2019,Qtr 4,November,1,2019,Qtr 4,November,2,19-Nov,November,2019
2019,Qtr 4,November,1,2019,Qtr 4,November,3,19-Nov,November,2019
2019,Qtr 4,November,1,2019,Qtr 4,November,4,19-Nov,November,2019
2019,Qtr 4,November,1,2019,Qtr 4,November,5,19-Nov,November,2019
2019,Qtr 4,November,1,2019,Qtr 4,November,6,19-Nov,November,2019
2019,Qtr 4,November,1,2019,Qtr 4,November,7,19-Nov,November,2019
2019,Qtr 4,November,1,2019,Qtr 4,November,8,19-Nov,November,2019
2019,Qtr 4,November,1,2019,Qtr 4,November,9,19-Nov,November,2019
2019,Qtr 4,November,1,2019,Qtr 4,November,10,19-Nov,November,2019
2019,Qtr 4,November,1,2019,Qtr 4,November,11,19-Nov,November,2019
2019,Qtr 4,November,1,2019,Qtr 4,November,12,19-Nov,November,2019
2019,Qtr 4,November,1,2019,Qtr 4,November,13,19-Nov,November,2019
2019,Qtr 4,November,1,2019,Qtr 4,November,14,19-Nov,November,2019
2019,Qtr 4,November,1,2019,Qtr 4,November,15,19-Nov,November,2019
2019,Qtr 4,November,1,2019,Qtr 4,November,16,19-Nov,November,2019
2019,Qtr 4,November,1,2019,Qtr 4,November,17,19-Nov,November,2019
2019,Qtr 4,November,1,2019,Qtr 4,November,18,19-Nov,November,2019
2019,Qtr 4,November,1,2019,Qtr 4,November,19,19-Nov,November,2019
2019,Qtr 4,November,1,2019,Qtr 4,November,20,19-Nov,November,2019
2019,Qtr 4,November,1,2019,Qtr 4,November,21,19-Nov,November,2019
2019,Qtr 4,November,1,2019,Qtr 4,November,22,19-Nov,November,2019
2019,Qtr 4,November,1,2019,Qtr 4,November,23,19-Nov,November,2019
2019,Qtr 4,November,1,2019,Qtr 4,November,24,19-Nov,November,2019
2019,Qtr 4,November,1,2019,Qtr 4,November,25,19-Nov,November,2019
2019,Qtr 4,November,1,2019,Qtr 4,November,26,19-Nov,November,2019
2019,Qtr 4,November,1,2019,Qtr 4,November,27,19-Nov,November,2019
2019,Qtr 4,November,1,2019,Qtr 4,November,28,19-Nov,November,2019
2019,Qtr 4,November,1,2019,Qtr 4,November,29,19-Nov,November,2019
2019,Qtr 4,November,1,2019,Qtr 4,November,30,19-Nov,November,2019
2019,Qtr 4,December,1,2019,Qtr 4,December,1,19-Dec,December,2019
2019,Qtr 4,December,1,2019,Qtr 4,December,2,19-Dec,December,2019
2019,Qtr 4,December,1,2019,Qtr 4,December,3,19-Dec,December,2019
2019,Qtr 4,December,1,2019,Qtr 4,December,4,19-Dec,December,2019
2019,Qtr 4,December,1,2019,Qtr 4,December,5,19-Dec,December,2019
2019,Qtr 4,December,1,2019,Qtr 4,December,6,19-Dec,December,2019
2019,Qtr 4,December,1,2019,Qtr 4,December,7,19-Dec,December,2019
2019,Qtr 4,December,1,2019,Qtr 4,December,8,19-Dec,December,2019
2019,Qtr 4,December,1,2019,Qtr 4,December,9,19-Dec,December,2019
2019,Qtr 4,December,1,2019,Qtr 4,December,10,19-Dec,December,2019
2019,Qtr 4,December,1,2019,Qtr 4,December,11,19-Dec,December,2019
2019,Qtr 4,December,1,2019,Qtr 4,December,12,19-Dec,December,2019
2019,Qtr 4,December,1,2019,Qtr 4,December,13,19-Dec,December,2019
2019,Qtr 4,December,1,2019,Qtr 4,December,14,19-Dec,December,2019
2019,Qtr 4,December,1,2019,Qtr 4,December,15,19-Dec,December,2019
2019,Qtr 4,December,1,2019,Qtr 4,December,16,19-Dec,December,2019
2019,Qtr 4,December,1,2019,Qtr 4,December,17,19-Dec,December,2019
2019,Qtr 4,December,1,2019,Qtr 4,December,18,19-Dec,December,2019
2019,Qtr 4,December,1,2019,Qtr 4,December,19,19-Dec,December,2019
2019,Qtr 4,December,1,2019,Qtr 4,December,20,19-Dec,December,2019
2019,Qtr 4,December,1,2019,Qtr 4,December,21,19-Dec,December,2019
2019,Qtr 4,December,1,2019,Qtr 4,December,22,19-Dec,December,2019
2019,Qtr 4,December,1,2019,Qtr 4,December,23,19-Dec,December,2019
2019,Qtr 4,December,1,2019,Qtr 4,December,24,19-Dec,December,2019
2019,Qtr 4,December,1,2019,Qtr 4,December,25,19-Dec,December,2019
2019,Qtr 4,December,1,2019,Qtr 4,December,26,19-Dec,December,2019
2019,Qtr 4,December,1,2019,Qtr 4,December,27,19-Dec,December,2019
2019,Qtr 4,December,1,2019,Qtr 4,December,28,19-Dec,December,2019
2019,Qtr 4,December,1,2019,Qtr 4,December,29,19-Dec,December,2019
2019,Qtr 4,December,1,2019,Qtr 4,December,30,19-Dec,December,2019
2019,Qtr 4,December,1,2019,Qtr 4,December,31,19-Dec,December,2019
2020,Qtr 1,January,1,2020,Qtr 1,January,1,20-Jan,January,2020
2020,Qtr 1,January,1,2020,Qtr 1,January,2,20-Jan,January,2020
2020,Qtr 1,January,1,2020,Qtr 1,January,3,20-Jan,January,2020
2020,Qtr 1,January,1,2020,Qtr 1,January,4,20-Jan,January,2020
2020,Qtr 1,January,1,2020,Qtr 1,January,5,20-Jan,January,2020
2020,Qtr 1,January,1,2020,Qtr 1,January,6,20-Jan,January,2020
2020,Qtr 1,January,1,2020,Qtr 1,January,7,20-Jan,January,2020
2020,Qtr 1,January,1,2020,Qtr 1,January,8,20-Jan,January,2020
2020,Qtr 1,January,1,2020,Qtr 1,January,9,20-Jan,January,2020
2020,Qtr 1,January,1,2020,Qtr 1,January,10,20-Jan,January,2020
2020,Qtr 1,January,1,2020,Qtr 1,January,11,20-Jan,January,2020
2020,Qtr 1,January,1,2020,Qtr 1,January,12,20-Jan,January,2020
2020,Qtr 1,January,1,2020,Qtr 1,January,13,20-Jan,January,2020
2020,Qtr 1,January,1,2020,Qtr 1,January,14,20-Jan,January,2020
2020,Qtr 1,January,1,2020,Qtr 1,January,15,20-Jan,January,2020
2020,Qtr 1,January,1,2020,Qtr 1,January,16,20-Jan,January,2020
2020,Qtr 1,January,1,2020,Qtr 1,January,17,20-Jan,January,2020
2020,Qtr 1,January,1,2020,Qtr 1,January,18,20-Jan,January,2020
2020,Qtr 1,January,1,2020,Qtr 1,January,19,20-Jan,January,2020
2020,Qtr 1,January,1,2020,Qtr 1,January,20,20-Jan,January,2020
2020,Qtr 1,January,1,2020,Qtr 1,January,21,20-Jan,January,2020
2020,Qtr 1,January,1,2020,Qtr 1,January,22,20-Jan,January,2020
2020,Qtr 1,January,1,2020,Qtr 1,January,23,20-Jan,January,2020
2020,Qtr 1,January,1,2020,Qtr 1,January,24,20-Jan,January,2020
2020,Qtr 1,January,1,2020,Qtr 1,January,25,20-Jan,January,2020
2020,Qtr 1,January,1,2020,Qtr 1,January,26,20-Jan,January,2020
2020,Qtr 1,January,1,2020,Qtr 1,January,27,20-Jan,January,2020
2020,Qtr 1,January,1,2020,Qtr 1,January,28,20-Jan,January,2020
2020,Qtr 1,January,1,2020,Qtr 1,January,29,20-Jan,January,2020
2020,Qtr 1,January,1,2020,Qtr 1,January,30,20-Jan,January,2020
2020,Qtr 1,January,1,2020,Qtr 1,January,31,20-Jan,January,2020
2020,Qtr 1,February,1,2020,Qtr 1,February,1,20-Feb,February,2020
2020,Qtr 1,February,1,2020,Qtr 1,February,2,20-Feb,February,2020
2020,Qtr 1,February,1,2020,Qtr 1,February,3,20-Feb,February,2020
2020,Qtr 1,February,1,2020,Qtr 1,February,4,20-Feb,February,2020
2020,Qtr 1,February,1,2020,Qtr 1,February,5,20-Feb,February,2020
2020,Qtr 1,February,1,2020,Qtr 1,February,6,20-Feb,February,2020
2020,Qtr 1,February,1,2020,Qtr 1,February,7,20-Feb,February,2020
2020,Qtr 1,February,1,2020,Qtr 1,February,8,20-Feb,February,2020
2020,Qtr 1,February,1,2020,Qtr 1,February,9,20-Feb,February,2020
2020,Qtr 1,February,1,2020,Qtr 1,February,10,20-Feb,February,2020
2020,Qtr 1,February,1,2020,Qtr 1,February,11,20-Feb,February,2020
2020,Qtr 1,February,1,2020,Qtr 1,February,12,20-Feb,February,2020
2020,Qtr 1,February,1,2020,Qtr 1,February,13,20-Feb,February,2020
2020,Qtr 1,February,1,2020,Qtr 1,February,14,20-Feb,February,2020
2020,Qtr 1,February,1,2020,Qtr 1,February,15,20-Feb,February,2020
2020,Qtr 1,February,1,2020,Qtr 1,February,16,20-Feb,February,2020
2020,Qtr 1,February,1,2020,Qtr 1,February,17,20-Feb,February,2020
2020,Qtr 1,February,1,2020,Qtr 1,February,18,20-Feb,February,2020
2020,Qtr 1,February,1,2020,Qtr 1,February,19,20-Feb,February,2020
2020,Qtr 1,February,1,2020,Qtr 1,February,20,20-Feb,February,2020
2020,Qtr 1,February,1,2020,Qtr 1,February,21,20-Feb,February,2020
2020,Qtr 1,February,1,2020,Qtr 1,February,22,20-Feb,February,2020
2020,Qtr 1,February,1,2020,Qtr 1,February,23,20-Feb,February,2020
2020,Qtr 1,February,1,2020,Qtr 1,February,24,20-Feb,February,2020
2020,Qtr 1,February,1,2020,Qtr 1,February,25,20-Feb,February,2020
2020,Qtr 1,February,1,2020,Qtr 1,February,26,20-Feb,February,2020
2020,Qtr 1,February,1,2020,Qtr 1,February,27,20-Feb,February,2020
2020,Qtr 1,February,1,2020,Qtr 1,February,28,20-Feb,February,2020
2020,Qtr 1,February,1,2020,Qtr 1,February,29,20-Feb,February,2020
2020,Qtr 1,March,1,2020,Qtr 1,March,1,20-Mar,March,2020
2020,Qtr 1,March,1,2020,Qtr 1,March,2,20-Mar,March,2020
2020,Qtr 1,March,1,2020,Qtr 1,March,3,20-Mar,March,2020
2020,Qtr 1,March,1,2020,Qtr 1,March,4,20-Mar,March,2020
2020,Qtr 1,March,1,2020,Qtr 1,March,5,20-Mar,March,2020
2020,Qtr 1,March,1,2020,Qtr 1,March,6,20-Mar,March,2020
2020,Qtr 1,March,1,2020,Qtr 1,March,7,20-Mar,March,2020
2020,Qtr 1,March,1,2020,Qtr 1,March,8,20-Mar,March,2020
2020,Qtr 1,March,1,2020,Qtr 1,March,9,20-Mar,March,2020
2020,Qtr 1,March,1,2020,Qtr 1,March,10,20-Mar,March,2020
2020,Qtr 1,March,1,2020,Qtr 1,March,11,20-Mar,March,2020
2020,Qtr 1,March,1,2020,Qtr 1,March,12,20-Mar,March,2020
2020,Qtr 1,March,1,2020,Qtr 1,March,13,20-Mar,March,2020
2020,Qtr 1,March,1,2020,Qtr 1,March,14,20-Mar,March,2020
2020,Qtr 1,March,1,2020,Qtr 1,March,15,20-Mar,March,2020
2020,Qtr 1,March,1,2020,Qtr 1,March,16,20-Mar,March,2020
2020,Qtr 1,March,1,2020,Qtr 1,March,17,20-Mar,March,2020
2020,Qtr 1,March,1,2020,Qtr 1,March,18,20-Mar,March,2020
2020,Qtr 1,March,1,2020,Qtr 1,March,19,20-Mar,March,2020
2020,Qtr 1,March,1,2020,Qtr 1,March,20,20-Mar,March,2020
2020,Qtr 1,March,1,2020,Qtr 1,March,21,20-Mar,March,2020
2020,Qtr 1,March,1,2020,Qtr 1,March,22,20-Mar,March,2020
2020,Qtr 1,March,1,2020,Qtr 1,March,23,20-Mar,March,2020
2020,Qtr 1,March,1,2020,Qtr 1,March,24,20-Mar,March,2020
2020,Qtr 1,March,1,2020,Qtr 1,March,25,20-Mar,March,2020
2020,Qtr 1,March,1,2020,Qtr 1,March,26,20-Mar,March,2020
2020,Qtr 1,March,1,2020,Qtr 1,March,27,20-Mar,March,2020
2020,Qtr 1,March,1,2020,Qtr 1,March,28,20-Mar,March,2020
2020,Qtr 1,March,1,2020,Qtr 1,March,29,20-Mar,March,2020
2020,Qtr 1,March,1,2020,Qtr 1,March,30,20-Mar,March,2020
2020,Qtr 1,March,1,2020,Qtr 1,March,31,20-Mar,March,2020
2020,Qtr 2,April,1,2020,Qtr 2,April,1,20-Apr,April,2020
2020,Qtr 2,April,1,2020,Qtr 2,April,2,20-Apr,April,2020
2020,Qtr 2,April,1,2020,Qtr 2,April,3,20-Apr,April,2020
2020,Qtr 2,April,1,2020,Qtr 2,April,4,20-Apr,April,2020
2020,Qtr 2,April,1,2020,Qtr 2,April,5,20-Apr,April,2020
2020,Qtr 2,April,1,2020,Qtr 2,April,6,20-Apr,April,2020
2020,Qtr 2,April,1,2020,Qtr 2,April,7,20-Apr,April,2020
2020,Qtr 2,April,1,2020,Qtr 2,April,8,20-Apr,April,2020
2020,Qtr 2,April,1,2020,Qtr 2,April,9,20-Apr,April,2020
2020,Qtr 2,April,1,2020,Qtr 2,April,10,20-Apr,April,2020
2020,Qtr 2,April,1,2020,Qtr 2,April,11,20-Apr,April,2020
2020,Qtr 2,April,1,2020,Qtr 2,April,12,20-Apr,April,2020
2020,Qtr 2,April,1,2020,Qtr 2,April,13,20-Apr,April,2020
2020,Qtr 2,April,1,2020,Qtr 2,April,14,20-Apr,April,2020
2020,Qtr 2,April,1,2020,Qtr 2,April,15,20-Apr,April,2020
2020,Qtr 2,April,1,2020,Qtr 2,April,16,20-Apr,April,2020
2020,Qtr 2,April,1,2020,Qtr 2,April,17,20-Apr,April,2020
2020,Qtr 2,April,1,2020,Qtr 2,April,18,20-Apr,April,2020
2020,Qtr 2,April,1,2020,Qtr 2,April,19,20-Apr,April,2020
2020,Qtr 2,April,1,2020,Qtr 2,April,20,20-Apr,April,2020
2020,Qtr 2,April,1,2020,Qtr 2,April,21,20-Apr,April,2020
2020,Qtr 2,April,1,2020,Qtr 2,April,22,20-Apr,April,2020
2020,Qtr 2,April,1,2020,Qtr 2,April,23,20-Apr,April,2020
2020,Qtr 2,April,1,2020,Qtr 2,April,24,20-Apr,April,2020
2020,Qtr 2,April,1,2020,Qtr 2,April,25,20-Apr,April,2020
2020,Qtr 2,April,1,2020,Qtr 2,April,26,20-Apr,April,2020
2020,Qtr 2,April,1,2020,Qtr 2,April,27,20-Apr,April,2020
2020,Qtr 2,April,1,2020,Qtr 2,April,28,20-Apr,April,2020
2020,Qtr 2,April,1,2020,Qtr 2,April,29,20-Apr,April,2020
2020,Qtr 2,April,1,2020,Qtr 2,April,30,20-Apr,April,2020
2020,Qtr 2,May,1,2020,Qtr 2,May,1,20-May,May,2020
2020,Qtr 2,May,1,2020,Qtr 2,May,2,20-May,May,2020
2020,Qtr 2,May,1,2020,Qtr 2,May,3,20-May,May,2020
2020,Qtr 2,May,1,2020,Qtr 2,May,4,20-May,May,2020
2020,Qtr 2,May,1,2020,Qtr 2,May,5,20-May,May,2020
2020,Qtr 2,May,1,2020,Qtr 2,May,6,20-May,May,2020
2020,Qtr 2,May,1,2020,Qtr 2,May,7,20-May,May,2020
2020,Qtr 2,May,1,2020,Qtr 2,May,8,20-May,May,2020
2020,Qtr 2,May,1,2020,Qtr 2,May,9,20-May,May,2020
2020,Qtr 2,May,1,2020,Qtr 2,May,10,20-May,May,2020
2020,Qtr 2,May,1,2020,Qtr 2,May,11,20-May,May,2020
2020,Qtr 2,May,1,2020,Qtr 2,May,12,20-May,May,2020
2020,Qtr 2,May,1,2020,Qtr 2,May,13,20-May,May,2020
2020,Qtr 2,May,1,2020,Qtr 2,May,14,20-May,May,2020
2020,Qtr 2,May,1,2020,Qtr 2,May,15,20-May,May,2020
2020,Qtr 2,May,1,2020,Qtr 2,May,16,20-May,May,2020
2020,Qtr 2,May,1,2020,Qtr 2,May,17,20-May,May,2020
2020,Qtr 2,May,1,2020,Qtr 2,May,18,20-May,May,2020
2020,Qtr 2,May,1,2020,Qtr 2,May,19,20-May,May,2020
2020,Qtr 2,May,1,2020,Qtr 2,May,20,20-May,May,2020
2020,Qtr 2,May,1,2020,Qtr 2,May,21,20-May,May,2020
2020,Qtr 2,May,1,2020,Qtr 2,May,22,20-May,May,2020
2020,Qtr 2,May,1,2020,Qtr 2,May,23,20-May,May,2020
2020,Qtr 2,May,1,2020,Qtr 2,May,24,20-May,May,2020
2020,Qtr 2,May,1,2020,Qtr 2,May,25,20-May,May,2020
2020,Qtr 2,May,1,2020,Qtr 2,May,26,20-May,May,2020
2020,Qtr 2,May,1,2020,Qtr 2,May,27,20-May,May,2020
2020,Qtr 2,May,1,2020,Qtr 2,May,28,20-May,May,2020
2020,Qtr 2,May,1,2020,Qtr 2,May,29,20-May,May,2020
2020,Qtr 2,May,1,2020,Qtr 2,May,30,20-May,May,2020
2020,Qtr 2,May,1,2020,Qtr 2,May,31,20-May,May,2020
2020,Qtr 2,June,1,2020,Qtr 2,June,1,20-Jun,June,2020
2020,Qtr 2,June,1,2020,Qtr 2,June,2,20-Jun,June,2020
2020,Qtr 2,June,1,2020,Qtr 2,June,3,20-Jun,June,2020
2020,Qtr 2,June,1,2020,Qtr 2,June,4,20-Jun,June,2020
2020,Qtr 2,June,1,2020,Qtr 2,June,5,20-Jun,June,2020
2020,Qtr 2,June,1,2020,Qtr 2,June,6,20-Jun,June,2020
2020,Qtr 2,June,1,2020,Qtr 2,June,7,20-Jun,June,2020
2020,Qtr 2,June,1,2020,Qtr 2,June,8,20-Jun,June,2020
2020,Qtr 2,June,1,2020,Qtr 2,June,9,20-Jun,June,2020
2020,Qtr 2,June,1,2020,Qtr 2,June,10,20-Jun,June,2020
2020,Qtr 2,June,1,2020,Qtr 2,June,11,20-Jun,June,2020
2020,Qtr 2,June,1,2020,Qtr 2,June,12,20-Jun,June,2020
2020,Qtr 2,June,1,2020,Qtr 2,June,13,20-Jun,June,2020
2020,Qtr 2,June,1,2020,Qtr 2,June,14,20-Jun,June,2020
2020,Qtr 2,June,1,2020,Qtr 2,June,15,20-Jun,June,2020
2020,Qtr 2,June,1,2020,Qtr 2,June,16,20-Jun,June,2020
2020,Qtr 2,June,1,2020,Qtr 2,June,17,20-Jun,June,2020
2020,Qtr 2,June,1,2020,Qtr 2,June,18,20-Jun,June,2020
2020,Qtr 2,June,1,2020,Qtr 2,June,19,20-Jun,June,2020
2020,Qtr 2,June,1,2020,Qtr 2,June,20,20-Jun,June,2020
2020,Qtr 2,June,1,2020,Qtr 2,June,21,20-Jun,June,2020
2020,Qtr 2,June,1,2020,Qtr 2,June,22,20-Jun,June,2020
2020,Qtr 2,June,1,2020,Qtr 2,June,23,20-Jun,June,2020
2020,Qtr 2,June,1,2020,Qtr 2,June,24,20-Jun,June,2020
2020,Qtr 2,June,1,2020,Qtr 2,June,25,20-Jun,June,2020
2020,Qtr 2,June,1,2020,Qtr 2,June,26,20-Jun,June,2020
2020,Qtr 2,June,1,2020,Qtr 2,June,27,20-Jun,June,2020
2020,Qtr 2,June,1,2020,Qtr 2,June,28,20-Jun,June,2020
2020,Qtr 2,June,1,2020,Qtr 2,June,29,20-Jun,June,2020
2020,Qtr 2,June,1,2020,Qtr 2,June,30,20-Jun,June,2020
